-- phpMyAdmin SQL Dump
-- version 5.2.0
-- https://www.phpmyadmin.net/
--
-- Host: 127.0.0.1
-- Generation Time: Aug 16, 2022 at 07:35 PM
-- Server version: 10.4.24-MariaDB
-- PHP Version: 7.4.29

SET SQL_MODE = "NO_AUTO_VALUE_ON_ZERO";
START TRANSACTION;
SET time_zone = "+00:00";


/*!40101 SET @OLD_CHARACTER_SET_CLIENT=@@CHARACTER_SET_CLIENT */;
/*!40101 SET @OLD_CHARACTER_SET_RESULTS=@@CHARACTER_SET_RESULTS */;
/*!40101 SET @OLD_COLLATION_CONNECTION=@@COLLATION_CONNECTION */;
/*!40101 SET NAMES utf8mb4 */;

--
-- Database: `lets_travel`
--

-- --------------------------------------------------------

--
-- Table structure for table `comment`
--

CREATE TABLE `comment` (
  `id` int(11) NOT NULL,
  `comment_text` varchar(500) NOT NULL,
  `userid` int(11) NOT NULL,
  `username` varchar(100) NOT NULL,
  `postid` int(11) NOT NULL,
  `userimage` mediumtext NOT NULL,
  `date` datetime NOT NULL DEFAULT current_timestamp()
) ENGINE=InnoDB DEFAULT CHARSET=utf8mb4;

--
-- Dumping data for table `comment`
--

INSERT INTO `comment` (`id`, `comment_text`, `userid`, `username`, `postid`, `userimage`, `date`) VALUES
(1, 'asdedf', 1, 'aditya123', 1, 'https://res.cloudinary.com/dbcpdiy45/image/upload/v1659714933/twpnwjkfdbh7zuemmon6.jpg', '2022-08-03 22:38:04'),
(2, 'hozz the trip!!??', 4, 'rahul123', 2, 'https://res.cloudinary.com/dbcpdiy45/image/upload/v1660585297/cpqb7rjvwsfz3atahb9j.jpg', '2022-08-03 22:47:01'),
(3, 'Abhi kidhar hai', 4, 'rahul123', 3, 'https://res.cloudinary.com/dbcpdiy45/image/upload/v1660585297/cpqb7rjvwsfz3atahb9j.jpg', '2022-08-03 22:47:37'),
(4, 'ugy8y', 2, 'ayushi1407', 3, 'https://res.cloudinary.com/dbcpdiy45/image/upload/v1659974434/avclhfc7zlujfzyblozt.png', '2022-08-03 22:49:41'),
(5, 'nice', 3, 'sayam123', 1, 'https://res.cloudinary.com/dbcpdiy45/image/upload/v1660241233/kjyrmgpphcgiw0nzdngm.jpg', '2022-08-03 22:52:11'),
(6, 'fhnjthj', 3, 'sayam123', 2, 'https://res.cloudinary.com/dbcpdiy45/image/upload/v1660241233/kjyrmgpphcgiw0nzdngm.jpg', '2022-08-03 22:52:28'),
(7, 'dfgv', 1, 'aditya123', 1, 'https://res.cloudinary.com/dbcpdiy45/image/upload/v1659714933/twpnwjkfdbh7zuemmon6.jpg', '2022-08-04 14:18:00'),
(8, 'akdfib', 2, 'ayushi1407', 2, 'https://res.cloudinary.com/dbcpdiy45/image/upload/v1659974434/avclhfc7zlujfzyblozt.png', '2022-08-04 23:04:06'),
(9, 'wefwrf', 2, 'ayushi1407', 3, 'https://res.cloudinary.com/dbcpdiy45/image/upload/v1659974434/avclhfc7zlujfzyblozt.png', '2022-08-04 23:04:12'),
(10, 'erfer', 2, 'ayushi1407', 3, 'https://res.cloudinary.com/dbcpdiy45/image/upload/v1659974434/avclhfc7zlujfzyblozt.png', '2022-08-05 21:24:32'),
(11, 'Nice click', 2, 'ayushi1407', 2, 'https://res.cloudinary.com/dbcpdiy45/image/upload/v1659974434/avclhfc7zlujfzyblozt.png', '2022-08-07 19:56:56'),
(12, 'wow', 2, 'ayushi1407', 2, 'https://res.cloudinary.com/dbcpdiy45/image/upload/v1659974434/avclhfc7zlujfzyblozt.png', '2022-08-08 21:30:49'),
(13, 'good', 3, 'sayam123', 1, 'https://res.cloudinary.com/dbcpdiy45/image/upload/v1660241233/kjyrmgpphcgiw0nzdngm.jpg', '2022-08-08 21:33:43'),
(14, 'Thats awesome', 2, 'ayushi1407', 4, 'https://res.cloudinary.com/dbcpdiy45/image/upload/v1659974434/avclhfc7zlujfzyblozt.png', '2022-08-11 23:16:25'),
(15, 'Abhi kidhar hai', 1, 'aditya123', 3, 'https://res.cloudinary.com/dbcpdiy45/image/upload/v1659714933/twpnwjkfdbh7zuemmon6.jpg', '2022-08-11 23:22:50'),
(16, 'wow!!!!', 1, 'aditya123', 3, 'https://res.cloudinary.com/dbcpdiy45/image/upload/v1659714933/twpnwjkfdbh7zuemmon6.jpg', '2022-08-11 23:23:49');

-- --------------------------------------------------------

--
-- Table structure for table `post`
--

CREATE TABLE `post` (
  `id` int(11) NOT NULL,
  `post_text` varchar(3000) NOT NULL,
  `post_images` mediumtext NOT NULL,
  `username` varchar(100) NOT NULL,
  `userid` int(11) NOT NULL,
  `post_title` varchar(255) NOT NULL,
  `location` varchar(255) NOT NULL,
  `date` datetime NOT NULL DEFAULT current_timestamp(),
  `userimage` mediumtext DEFAULT NULL
) ENGINE=InnoDB DEFAULT CHARSET=utf8mb4;

--
-- Dumping data for table `post`
--

INSERT INTO `post` (`id`, `post_text`, `post_images`, `username`, `userid`, `post_title`, `location`, `date`, `userimage`) VALUES
(1, 'There are many variations of passages of Lorem Ipsum available, but the majority have suffered alteration in some form, by injected humour, or randomised words which don\'t look even slightly believable. If you are going to use a passage of Lorem Ipsum, you need to be sure there isn\'t anything embarrassing hidden in the middle of text', 'data:image/jpeg;base64,/9j/4AAQSkZJRgABAQAAAQABAAD/2wCEAAkGBwgHBgkIBwgKCgkLDRYPDQwMDRsUFRAWIB0iIiAdHx8kKDQsJCYxJx8fLT0tMTU3Ojo6Iys/RD84QzQ5OjcBCgoKDQwNGg8PGjclHyU3Nzc3Nzc3Nzc3Nzc3Nzc3Nzc3Nzc3Nzc3Nzc3Nzc3Nzc3Nzc3Nzc3Nzc3Nzc3Nzc3N//AABEIAIMAxQMBIgACEQEDEQH/xAAbAAACAgMBAAAAAAAAAAAAAAAEBQMGAAECB//EAD0QAAIBAgUCBAQEBQMDBAMAAAECAwQRAAUSITETQSJRYXEGFIGRIzKhsRVCwdHwM1LhJGKCB3KS8RY0Nf/EABoBAAIDAQEAAAAAAAAAAAAAAAIDAAEEBQb/xAAsEQACAgEEAAUDAwUAAAAAAAAAAQIRAwQSITEFEzJBUSIzkSNSgRQ0QqHw/9oADAMBAAIRAxEAPwCkUtPpGChHieOMAYkMRFiQQGFxcY9hGKSPJTyNuwYJjoJggR46CemDoW5g+jHXTwRo9MbCYugd4OI8bCYLSnkfTojYhr2st8aMJViGUi3NxirK3MHCY3oxOEx0Ijp1WNr2vbFg7wfRjNGCOn6Y308WDvB9Bxvp4n0Y308Qm8HCY3owUsDMPCrHzsOMdPTujWdGU+oxVlbmB6MZowV0sdJTyO2lEZj5KtziNpEUr6BOnjOnhp/CqwbPTsvqxAH3Jtgqm+GsxqekYo49EguH6gIA8zbthUs+KPckOjhzS6i/wIdAxvp/bDSpyuWCZ0JDxpu04BCW9yP87Xw1y/KG6KuAyRaiXkqCYWNv9i2JI9T5dr4Tm1mLHFSux2DSZcsmqqhRk+U/PVC9dxDT8l3YLq9FJI/4wwk+GxO94HFPGtll1q3hPoWtqO4sFH2wdNlCZjJGWJMajxEOt38gLkmw8rWxvOK3NaSJWiWakgjRYYUbbcixuFvqO+wHl7Y5GTxHK5uUXwdiHh2KMEp9i/M8ozEzhKc1FPTxKEiXpyC4A3NlRrb+fJvjWIKGpqKAOMxz6NJ5bOYPmChiHYEEH98ZjA8zbtm5YklSAglP2FP1tIvf/T53t68Y6k6L0qqpiMqqfYDUdhfviNSQR4VxskkW0gY9btZ5F5VQMExvRicJjoJhliHMg0Y2I98EBNsdCPyGJYO87ptKwqA0eohgyuxFxt5cYlPQ6bxqYygkB8Q3K23se55+mI1BC6dIx3udtIwlrkPzuKOunT3GoQarnTp/Lxtq+uOkEIjZJOjqL3AX8gNuSMaWJjwnniUQOf5FxTLU2+kLTHvjYj9MMBRvzYYz5Mn+mD8xC9s/gX9PHQiJYAA3JsABzhrDlU8oJSORlHJCkgfbDygo6PL0eokg1SqAFWoYAMLgMwFtrGw8zftjLqNdjwxvs2aXw/PnlVUhBl1BM0jIVMUhYaS673HO31GLJRZRRxGRUpo6qRl8Zle6pvsLDz372Fu+DDLRB6VKkQUssgLCFU1swte/hHh3sf8AL4n+Vo6lkk6ayLJH4FYtEAlgVB5N/THFz6/JlfHCPQ6Xw3FhX1csiAyPLoFSDLkndwANMYZj62be3J9r45iyugikKnoUxe5IW/h4tv2v2B35wPmbpWwGXLZ4uuyfgxGY6ZLEXtta+2IKTJpKaqlkra3Uj2eRr2YALpJBvySSO1txjL5+T5Nn9Pi/agmnp4cylvR11PLBE95EVWVja4tv2uR9vXE8VPPRQsrTL02tcow8WkWa5G21iN7f2U5zWCnouj83ToHcRxU8aHTY72Jta+ne/b1xHQZqYCkitTM5mWI07R7G5G17c3vvvhTm5djFFLoNqMskq5KZqaqkkYEMVESMQbcFgR998Q/ENXn1LPTRU7LErt4USSxHbcC9ze9he32w3TMoKlBL06qW8YEionT03YWtqtccjYdsDywy1ld1Zg9K8ZYKiOHJ7XLWFtibADvfyxJZpTST6RUcMYtyXubNMs1PWDM6wVUGghTFArOii/8AOAN732A/rhdWUtHTotTRzSTOswWZgR1IwQOBY2IGni3fElY1GlfFRwu0tlvo6R06vNTvbgH/AO8CT0v8Oq0jq5Z2Nat5Y6dVTSgB1Mw5NiQAefLC230GkIHokgjQJluXV7amBlmYxkAHYbA32OMxaU+HaKkp4xR51HBHIS95Y1LMdubkfr54zDFOaVWKcL9imCPHYjwxjoWP5rfTBUdAvdb++PXvNFHhlhyz9hOsV+2JFpnPCnD1KIAcDEq0nphb1KHx0M32xGtG57YmSg9ScOxS2xNDSCWVIo2UysDaMHcAdz2GFT1aSNOPw5MSJQgfy4mWkA/lGHy5XKD+MUiTe7SMABbvjqDLXleUwaWWIXu6kD0uP6Yzy1kV7mqHh7v0iaOjLXK6QoFyzMFA+pxMtPpkgWGm+bMl7lWBWwG1rG9r9ziatzRYzpFFLOH19QaGO7bLYCwC9rk+2FyTR0lS/Vie4jusMKBSxXzHNgTbk/pjm5dbknwuDq4tBix8tWG1VaaOmk6OUx08wBQrVOG8fax322JtsTiaKGlXoiqiVWSEPK66ij+w9fLnA2XRQzZZqqVRozKZRFKLlBZgDzfkHfYX88DZtmkVBS0/XDKxYEIYw9pLbXAt5Ei3OEPNkvhmjyMVcxRbqevgYxrTLMR09aFhZQxNrC/Fh2FsBz9WuliaIwRqShlcvrZSCCQtr+X1sMBPURSUMVdmKTVUhpuoYYTpRdvIi/64XfPzfKx0kEEFPVSSr1YIZCxKFt7HsDbm/B4GEt82xyVFniq6LLpfl6SBeuSE6rbsw5Zi3YC97eeAs5zFpL08QdmLaEfa17EeFRuLX3J8hhZQwQ0NfTJJHG1RIC0io4tqJDXHpcAWH64irUp6GWnhnIeoQgOsbAhXLXueST/fzxVkGwoqGkopHnn0PoMb2GxYje/r37X488A1mqSklWSVdEsv4Y03Ni17tta/0sOL84FpZK2aKenrqX8Fm1SSwm6huBfTcj1ueMCpHW1c1LSMAz07LI0rvrTSSRfVe3APrxxtipfJaZFVVdPRUVQ5m6rwThlj/MEJ0BTt2sLYDlqKmsqo0hmmepmks2myavCRa9jvseeb/XB+ZZnBWTfKS5fSzAcMGuVNwdRsBfe3+cp6Gd7VEDQzFKVtbp07NbT+ZW0gm3hsLcHAUSy8ZJFmgpRpvAwijt1x1GUXOrc2HIPngTMqyngvLW1rNUB26UkhF9zzpUcWt67YW0FZFWQhZoK2sRXXeWNhpKnUQdZX0++CPmKqinFNk1JB1ZB1RUOviAYnwp5C3fji1+MSKlZHJPoUZVSI9bVmOW+lo7TEk2ueC172uQLXHBwfHFO8ub1IrUp5BYfgKQ5ABAW5FwL77c35xyc3rM4rXo6OnhmkpiFJXUNLqdiSRdiBa/NiPvkmWZpHlgoa2sniSWUhB1Ujbfsb3NtuwHt2xG9rtjccXLoAfIcmfLKFMyljgqB1HYTSCNiWYk3DeI+VzjMMkGWZbJLBHPlcZDWcSU8kragBe7eeNYnnSG+TH9y/7+BulMB2xMtP6YNEeOxH20m/tjsvOecjgXwCLTG17C3viSnpDJKqlTbvbyxJWVUNDAGlUtIVOhdQFzqsAb+uCKarQrpWncSqzF49Yso8ib2tt39cJlqPg1Q03PIOtOXrhTfLMi6NXVBvq4uLG2N1EMFKGaonaIofCocXFjcnYm1xp9sD1easlXLFLCry6iISFuwFg2wHJ4HPfBS9WSnh1QFEn/1XRbEcarW8z3v+2MsskpKma44oRdpAtJmNJOEqAwUrGskSSJZlW/nuST6+n1JmGb18SSRsKWmQidUCkySDchSo2Bvb6juL43lNRCcnkq4YUaOB2QRa7FbHe5Pa1iBbtfvgOrrqyrqaShqZTGBaeScWsypba3kfEL8dzhbYYNW5MKGjiElZJDVWJMguiOSQCLjg+u1/qcKYanN1oZK4zxCnEllAfXKQex5Y+drn6i2C/iatlzaOpqKaRhBCXRgoJDLp5sbWIN9/Qcb4QZDWhMwgg+WmiWTwX4u3N1I4vY8eeJfJC4UxhWOmBpY1kdw7U7NospudTA7k288LqnLHSpmZqWJg7KulqgMjoTuQS1za/FvTE1I8LTGWtiLyyOTEsDAhQAwud9+/P/ONV9SkWV1qQdSBqoMqaQxKgX3FidO/YDbnE3exKsN+YpKOkNUEkanRNYjdwFkPty1tvTCzMqtKiPq0sEMCSICBG2gPHz+UcHnjzwVTzNWCnjqFW7aCIpUFoiBduPI2FvMYG+IKrJoGRomkkkRkjeadnsLMPP3H9eMUmizSVEmVmnUjVUVDIFASyKW2ue99/XbEOc1eXZfVBREJHWQO8pXcMRyu9/8ABhfl1cwqVLNJNDEmp3kXncab33Fzbc3vb78/Fk1FNmCM8nS6T2cnZU8OoOG87gC1vLC0/gth1YJ54S1FXyU0QOmS0QGm5vsQe9vfjzxV0eop/m4o6KrrFssXhdUQnQrEkA7m/cdue+CkNfSiWaVVmnlZmCkEqALjURcbeEm199vPCrIpanMquelqoah2NVqlWmQlAvTFma3ZrAA7bjnkYYrUbYD5dDKSOeI/O02XqKh9RjkaQSOhBVbox/mI1Wv/ALcRrJnVLnUcZkXww9SQiRtnPOpr6f68jgYZwQVLNVPQxVEL+JVWYK1ySfFq3t+YC3oPLDGqyaommMjqmt4whcEMWtuAyDdgCT9zxgNykN20raCckyiorC0jVkdOq3lY0k/5iRa1vS2+/fAeYfDtTBXCOkl6iSaJTNUTMx4P8oI25IU3Fz2w1yXLzQiRKim6okH+4qi8+LU1uAVsOdvPDKWHNvmkqYaeluBpSN5RZVAJt+W+5xFcSmkyqVMOZZZlzxDMotE7gqsCBQqAAEDTbljz6gYrqwLDP8zFJqj13EjNexHY23v9ueRi7fEWV5zmU2pEhEfTUm0w8Lc+R22Ht+41B8Nz07TQVdPTapUAivOWKDkkeXfzxJRbdkTpUUvMJkqZ2MPTkUE+NyRrP+7c8nvbbYYzF+TIaGiLastDazfwSED7Nf8ATGYDYHuCpMwqadXk+XeWPTeM7gnUfCD6AXuT5euJVq5hWVKq7MdAMQeO4VLAm3JJJPH0xyBqy5OkWlQIWQBRpcGygXuf5Ta/rzhTn+Z9DKadaNpTOlR0hCLdRORyuzAnz/fGq2xFJBWeVlMWcz1DM2lVWlkAFibWYlSTyeMF5UXrYhGHljdlBkglXdTYFiGAswJAO/8AXFVoqeb5voVFIsRjlR+q4vcAgkE7na+3bY4ttbWCWNWogkNWPw1Bfws1+/mOeOfrhdhIEyxTS1T7yCAxjqCKPdmvawN+9wL+m2Gi1LS9aasSSGMBUSnMoAjHcEnvsb+WF9Ss9BTSy00sLyOxGr/yN3uebCw258zhQK2aERwVMTPNJdoolhA5te4O5Y828j9qvkhYMvjFNls8M0jwdd3dA/JUEi+k9r297+uOPi+qp6nKhElLJMbqVNP/AC9tiN7diOfLCysyvN6mnSStkEM0PDlr2DFttXHlbnv5jEMBkhgaGeOSErOUZ3m6akjbw33IGxtwffFp2yn0RWjo16VHqa0YJpWcA8b3v30kc84cPktKI4ZpJxPLbQxkBiKgqQTYkC9tthwThdLVZTTUCU5dKhp26Wlm1eMjffnYNYH++HtPTQRxGOWdhJIUictJvpKtYX+u3G/tg50lwBF/VyIM/wAmqKHrVmVTJIdii0pGobi91J32uLDzvjnJaDMaqZp6kvNCgBV2fQNfdeAT4bc4tGbPFJlkk1NMWLo7bTADVotbkjy8wOcA5N1aSeKmzFZo6V0KgalZVtbwjpmwtt2+2ESTQ2LT6BpMnqWrKOatmjoxEurQJQeobmwuOwB55Nz9QM9yOjmMcq1IaslkCkudII1WHJ8xwbA4bZuKeWkqFgqFaR3CxhAwudIPivudjew+2FrUi12TxUuT1AkkSQI8k51EAPctvu3cX9hiN0SrZEmVMI1oklUAWkZHQHWSbk6eCO1yQMNM2o+rTCpLxKSijUxVCNB2IuNr/wCXxkGX11J0kinpQiQ6RI0LFwbnvq73OJnyqvq1limWKeB3F7RaW0jgE7lsLjlSfQx4+KKoKeKukpKqSuWRyrKkkcgHUBL3I0jbYni3PpgXqxwSAO72cXKmU+w3P+b4eR5LVR1rr/AILRJenkeqZEYuTrFrHQbD9bYlfLJdZjTJqdnVRGAtaSQbi4G4OwJa/fCs8ck6p0kFCKXJxkNTTUdF1J5YZast4um9ydR429/3OHFOY8w1sBLTxobsxNtY2/m4vyPTEHw9T09XLLCMhfox6h1Wm1B2BK3Dc2O/tiStTLqj5Wneujg6MxZ+mhCcEaQfXzP64dC4x+pkfL4LDl+V5dDE/QUTdXUHld9bNfkX7e2OEyPLus+ilsNWrU1yG2I2uePp3wZQ/LJSRR0rr0wBpIstxjqpqEp0LSTLCGFlLAefv6jD6VCbdglPklBQ1HzMMQSUeEMzk9rAb7fbyxA9FC8U8EzTTA2UkPZuNlB79/vhX8U19eF1RKaVBKsUaub9VgwIaw4H9zgOqzNUp0pErmEkkrStPICxVUGwC+RIA8jY4W8kUHsZa0y6lC6IY441U8KxA4t5+mMx51mudPJULAlTUpHBGqhibO5IuSw+2Mwl6qCdUEsL+Rr81HLRNl8ryrUtpLBkKLctyAfX339sR0VYKWYUkkMaVK6wsTnVYi41Mx3b28gfbA0klbSxQtTRTOVqTJIHjYsN7Lvx6gDgG+OaytneofNflYX/ADqsrXICi4AY/wAxuPtYeuNvZns38T5qfnmpqelhni0I5lansCxG7XtvY9vQDDHLpoZ4IklaACNFLyBQFi0KNTL5Hf8A4xVqajarmmqquNpJppA7fiBRGBuBp5Jtx/zhzBQfi1TxTWqNatUqpsjWB03B5bYHzwPvRd8Hc2YUtfmSfJKzaX6cSHZYlQXa5HG/02HnuxfMqTJulSl9VeGXrTjxllC3axP+b4rSqtFltVS07yJI6dedmA1ADcWA3Cht9+bYly/5mqenqKm1OrG8ZiW0jncCQX2CkDn7YpquSJjXPswzCKtlajWWz/iRwcA7sCRc+bXsSMUX4vzPMjE0TVEcccUmojcNcG9777bgDtvi1yZpHmCwSN00mgSYxwqf9I2Aj3A9L7Hvhd8X5b8vQVFbXUag1dWr6oyRpXa9722JUAj3PYWpMuhDk2ZQmmME8biCV1Qysup09hbYXAO1uL8YuYzNCXpDJpjUaY5pC/UDgcryth2uDbv2wLFl1PVQyMlNWRRQLpR4ypUIAukgX22Jtsf3wpqPhtM4pDLllWTaUkGVCgUleACRY7E/UbYZCDbtgSkkhtk6ZrHXNHmM8MtKkxJ0zMToAF7AmykEDnFi6s0FcahXjaJpC3TtdiT31Ha+37489koM6ywSRw1KzSO+vqQ1B8YBHtvY8AW3JueMWD4L+JaqOmV66ES1aM3U6iFZEF9hv3tziZHjxq5BJ5JvgZZlFmeZTmj/AIf8rSPSv1KhdQ0tdQNJva5S/bt34wZFHJk63hVZJp209RgPFbU21iLAAnY+QxbKGvhzGmElNKskL3FrnbzF/rhTVZJPE4lo3WqjVizU1QAG4IsrD+v3xnmr5j0Ox7epdkkeeUVOY1mWNS4uLsAfsSfvfBqZvQzSiMVcKysNQidwG4vx9e2EVItNLJJDHD0ZgBeCYWb3HY+4wtpIJpMxzCd2DRUxaBUghG6mNWYNdSTduwNthgYyadBPHasvN29saKknxKp9xjzenyzN8sohL8M5w0RvqNPWOZoCtrBQbeHz2HphrSfG1VSAp8UZTJR6U1NWUxEtPza53uMOUkxTjJFuNNFZvwUF+SFAv9sQfwrLxKJPkoSwIYErwRwf0xrLM0pcyTVR1VPUL3MTfl9xyMHHbF7U+yt0kCyUkbR9NDoQsrlSNQJFrc79hwcD5jliV06zNV1URUqQilSl1NxsQe/rg9jjnE2otZJJ2Is3yOozOcPU5g0ihSoUKEVPVdib+5wrk+C2KafmHdQLfyhiPcADtbjFvsd8YQb7nfFSxRl2Es0kU/K8gqcrSSP5M1WshtZ6e3p4n7YzFwv57+4/4xmBeGLYa1NL0o89yeqqFhlrYZvno2RUURoUkur8k8cXGx9sd1uY1UGSVCTTCN0jbpSaQwLm42uBZje4tbvieOigCBItahZevYSE6m/2+1zf6e+CM2yEZ8sRqLxoosyXt1LG97rxf9uMaqaMakmKMso8vqMrrzTPVztGA/zKSAlpFN7KPfV6CxxmWwCoyCJ2mSWaOMiPq+IQx9me/PA25v3ucCV8ZyGuoaGnqIGkZyzRDVYrosd7XP5fbnFghMGXU7LRzR9aW2jWvhElr6bcbgE3/Y4WuGE1aoV5JLUPLJUvJThCW/1CoDlthr87W43wUmeU8c01VTp1Z5pS0k5XVpU7BBx2sbDsbc4qmc1UhMlVVFqiBmClUiIkB1XFlGxHitfz9sOPh+qo66nOYVkXTgp0PQiY6AQf5j/5X39PbA5XLcSCpHORPLLWE9JoyjtHpAX8hUWYW3sb/piz5s0FSyrVRoyLNHosNSk2vff2Ow/rij1Wa1C1ckeWUs8jK6iWYoTe9zpPlwvlsD54swE5yKlF3mqWqEcMi6n2ccgWuADY+5xMb9wpc8DKaZKqFaQRvTiYadaJoZSbna3822OfkY/h+mdV6lZVSeKR6gBnCgEWBA5A2uf74zIXHWD1ysFie63e+rwtta+xv9dx5DDuhiqKmpMlaqpTuxEcRiuH8mY82sNgbdsMlQCtlf8Ah5AKwwx0SinqIUkjZySdww/Layi4A2539MOKbLoKim/6hmlDagC4XVG3B3HPPfGVVVBk2YFYKrqyEP8AhnSOlq4X7kkD1wBTZ5UwUkqy0odo5XVWWRb6l8VvXwny7Yp4ZZFbRPNjj4TIaNH+GsykEyv0CviCJ4WW+zL6juPS+LpFL1UBQ3ZbEEH8w8xirZhUS55ltRFQ0x6kQHQkDgi57X4NxdSME/DNZH0BRNIsdRA56aHYlSSw99jhCTxy2se2pqxzXUdLmMeiqDLIPyyKSrAg9jhDOJ8llm+fJemkW/ztxt2Godtu+LOUWoTqIu/BW/8Alj5HHAeN06M8ayIxt4hsfQjsedsFKCZIzcSrVIillomjUSRM4JYHw7KbH9sQNOYGLhWckXB92/XjBec/Dc1E6V2Q3eKG5NEOD/7fW1xv5+gwNSVtLXTOYk6dRHJpkikXuDx++M0oNdm2ElNfT+AL5p4qSs/hyt+MyrpiID6muDuePy8jEH8W+I8oCWzWgzCK1+hXlYZR7ONj9R9cNUp0VER1Uq1Ut1vfUCHPP9/vinZBSRT1OeV0sccxilaxddb7XO3c9tvTEU3H3Anii3TVHoGRfFGW5ksVPUTJTZows9I7g+LyUjZtrcfph8BdQwIKngjHmsYpJDpICsnhbx2APNrjg7jytf64Ipp66g0R5VXPBGu600ihojvfuOOTsRvg46mPUlQqellE9BOwPGOC4sBz79sVqm+L0SFf4xSyRyX0tLHH4G9R/n3w9pcwoKyETUtTDIhNvzj9saIyT6ZncWu0Tgg3Nz98ZjbLY2/bGYIEQ1n8HrJhJS1vTfXrZY0fSfPcDbncd74nkqEhiLdaKS3ZXGr7c4go/wCHR6loIZIUIG0ZZASW32uMcfE8qVNOkFKr9SVXhW7WIL2u255AU4pykCkmeY/FOb66opBLad7SSsoGxA28XNhdR9O2JIPilkpIjVpSOi04J1eJRY87XJY3272vhF8QxR1+ew0NNZB0rO1rjwi58PBNtvthzLluUZdTkmjeVWFmVnFm9xuO2GRinyVKVKiGKtTM6lYKSJqeElJY5kqDG1zfWAOTs36X9MOaNoXpTJl5ca2NPFGou0pFhc24ta339cVX4hzSKOCleiy+mguGYmI2YHgG4AvsOPXHoH/pnS6ckXN6kRxytJLLZkAsCxuATxvc39sLyQc/cOEtvsLK3Pv/AMYoVpM2pRG0ksch6YP5wfO266QQQPM2viair0noaACVYo7yIrDS4YCXwjj0BvbYjseFPxYv8fRorhY0FtdtRU9gPa/6nAJZHWGlieeKDLlDiPSGDv4mBJ8wTt5b7YbHTTStGfJqYqVXyW2q+KYqGGP/AKBqtKB4Yuk8ulSW4IGncc2te9je2DD8e5tXVklJBk/y88MgGhr6huASdx2LEe2E1LlrVVVT5NLM0MaN1SWiCFQPyJ3Pc7+p2wwqKfKcvnrqzNKuWWop3tIwm0nbdTdd9JHY+va+BeOTdFuTSuyRDPXZy8d+nUOGKRPHcNZhcsSbAgnj64Nyr4eD1FTNVj8OMpKArW3sp/a+CKKgE1VBX9FEiqXjmnnXw6ArHSu4uSTtt53w+ytdBljcs1tIIIuLeJD78Yb5so3FMqOGLqTJaeGKkeSGJNKRv07eStx9jp/+RxX83nkyXOY68R60Y6T5MpPiDd7jtztbDpwXFOHZgk0QhZxsTbbbyO4N/wDtxzmVN/EstZJf9cXUkDYSrt9jY/S2MeaLatdmyDoYU1QNPWpXV42trVDfkX29v1GCXTq3dNB1DcdnH+d8UP4azaekmp6SpWRkmkCKoW9lJNvse3/ccXRZzSvpkNlve/Oi/f2xMc1NEkqZJDUGMC9yl7XO2k+Tf3/wq/iL4ZpM8KzxN8tWIARKFJBsGC3AIuAWve9+MOJUYnVHtJYXuNmHkcDrUFBex6Q5UC7Qn+o/b1GCavspOnZTqyqqsigKZymqA1IVJBHrOmzWJtz9Nx+uBPh0fLiqaFbRzMDp13JBAII8sX2uoKHNaY01fTw1EUii4cBgwuPtuBim5j8L1eUVzVmSgPDLIzyKyKWivuLcaluCLXvY7Yy5cLq4ujXj1CbrIrOaqijrpZGDMsgErKy2VlJQDfz7+fAwmaOro43aO9QI4IGCovjfULMzA+HsTYeuCss+IaLNfDIRHUX8K2sGPBsbDfbjnbi2GlTT6opdaahIqrfhtIN/r5YHzV6cq/k0LBOK3aeXHwKEr43lqYQW6lPJ05DFfwnkAjYi4uecDTZdQ1lHLUJTinrRxUU5ueb2ZQVb64mz2mFRQ5nLUI0sRnWSIxPoZbBuCN13OIq2OSLMM06MnXeEdWGGIdORfHawbjz73wSxf5QYp5ccvpyLa/8AQMuZfFtFEsVHnqVUVzZ5IllI9NVx+uNYklqYalUnWkgjikBKrVq6yA38V9I8/PGYPfNA/wBJfKa/Jf8AJ40kLM6hiQu7b4E+LAEBkVQGSBmUgcHUBf7E4zGYd7mCPR4BmFTNFWVTRuVMUx0EcjxHFmyp3q1qRUO7iPSEuxFrqL/vjeMxqx9isnRunRYqqvjRR010WU7gXRexw9+NK2opskjpqdljhApBpVFGxKki9r74zGYuXRS7FOVMfl6s33aulufPcYbZDTxPPOHUsGR76mJ/lPHljeMx0cf2UcnL/cfgMqhrejmZmMlQ7RytqPiXpnb9B9sC/EaKRPRkf9O1NTlo77HVe/7D7YzGYzY/uG3K/wBIseUZtXT5tNRyzXp45o9CaFAF2IPb0H2w2h//ALYF9jBO2/n1Af3xmMxiXqZufpQzqP8A9QDstQ1vT82N07Fpqkk/nhikb1YrYn9BjeMwLLKn8WwxrnAZV0syrcrsdwl8O/hyWSTJ7SNr6crxoW3IUcC+MxmMeL7jNE/ShxQMWpiCSdEpRfQeWO6sBJI5E8LmQIWHJGm9sZjMahBGCY6mREJC9ISaewY828sEuxs69ha1x6Y3jMCWeYf+p1LBSVGW1NNGsUssj9QrsHuQDccHgYLy6eWSoq4ncskU5VAew32xrGYx6r0HS0D/AFWg2rRVXUoAO/127+eFVcoNVWykfiNRxkt5/iYzGYXoWxniaXlplTFRMnw3krrK+po5NRJuTZyBjMZjMa5dsxLo/9k=', 'ayushi1407', 2, 'Trip to Shimla', 'Shimla, India', '2022-08-03 22:21:37', 'https://res.cloudinary.com/dbcpdiy45/image/upload/v1659974434/avclhfc7zlujfzyblozt.png'),
(2, 'Lorem ipsum dolor sit amet, consectetur adipiscing elit, sed do eiusmod tempor incididunt ut labore et dolore magna aliqua. Ut enim ad minim veniam, quis nostrud exercitation ullamco laboris nisi ut aliquip ex ea commodo consequat. Duis aute irure dolor in reprehenderit in voluptate velit esse cillum dolore eu fugiat nulla pariatur. Excepteur sint occaecat cupidatat non proident, sunt in culpa qui officia deserunt mollit anim id est laborum', 'data:image/jpeg;base64,/9j/4AAQSkZJRgABAQAAAQABAAD/2wCEAAoHCBUUFBgVFBUYGRgaGxoaGhoaGxoaGhgaGxkaGRgZGB0bIS0kGx0qIRgZJTclKi8xNDQ0GiM6PzozPi0zNDEBCwsLEA8QHxISHzMqIyozNTMzMzUzMzMzMzMzMzMzMzMzMzMzMzMzMzMzMzMzMzMzMzMzMzMzMzMzMzMzMzMzM//AABEIALcBEwMBIgACEQEDEQH/xAAcAAABBQEBAQAAAAAAAAAAAAAEAAECAwUGBwj/xABEEAACAQMCBAQEAwYCCQIHAAABAhEAAyESMQQFQVEGEyJhMnGBkRRCoSNSYnKxwdHhFSQzQ4KSovDxB7IWF1ODk8LT/8QAGgEAAwEBAQEAAAAAAAAAAAAAAAECAwQFBv/EACcRAAICAQQDAAIBBQAAAAAAAAABAhEDEhMhMQRBUSJhFFKRobHw/9oADAMBAAIRAxEAPwDAs2Ca0LPDVdZsUdas19I8h89HCD27FELbohLdWLbqNw2WMFFqpi1RQt1IW6Nwe2Ci1UhaosW6kLdG4LQCC1T+VRgt1IW6NwNAGLVLyqNFul5VLcDQB+VT+VRnl0/l0bgaAIW6Xl0b5dSFmjcHtgHlU3k0ebZp/Lo3BbZneVTeVWqtjvSHDyaW6PaALXCtuBT3eGO9aS2YBmoHh+5qd3kvb4MhrR7VWbVa7W/oKqa2tWshDxmYLNMeGPatI+wqBmnuMWhGeeF71E2Vo8zVbW6rWxaF6BFUDpPzAqm6gPSjjaqBtUKQOPozXs+1C3OGrZa1VT2atZDKWJM5+7w5FCXLddDdsUHe4arWRMzeNrow/Lpq0vw1KnqQ/wAjpLVui0t0rVuiFWvMcz09BFUqapUwKktLWPQRCVMJUwKkBRrDQQFuphKmKkBS1hoIBKfy6sAqUUaw0FQt1Ly6nTgUtYaCs26kBFWBaaKWseghFPFSipAUaw0FRWnVOwqyBU9cbUnkBQKjbI3FRYt8quN0mq2M0KT9g4r0VR71Ej3q00tNVrFpBylIWJ7ferytNpp7gaCo8N8j9ah5NXtUCtCmw0IHa3UClFQKnpHvT3KDbsANuo+XR2hes0xRPejdDaM90FVm3WpCdqibgGwFG4w2kZD2fahbtmtt3J6fpVDn51SysHiRgfh6Va/3p6e8yNlFiGrQ1Co4j27/APfyqfnr3H/n/wAGuc6AoNUg1Ci+vepfiV70AFh6mHoT8Qvep/iV70AFB6kGodLkzAYxkwJgdz2p1vCpbSGk2EBqlNC8HxS3QWt+oBipI6MBJGfnVxaAZKg5gTJMCen+NKUkgUWy4GmFwdD7U3CEuNUCQcqATiRnrNYnPENlXVdWhAWXXu8oo3I6aTsp3NQskX0W8cl2EcddU8RbTzGUkHUBPwmYIgb7/pW2rq6k21J2zkYOSSDtsftXFtdLX7D9WtzmTklz7d+1bI5y4W2tsKiYUqAxZjKqSzNuIJxHXes592io9UzT4i6VRmG4ViPoMVyHDC5pUC6fTEDT1ktOfetniOcWjrtlgGh104LExAhQZg5z7GsrgXEhSqwWgyM53FOc/gQh9Ot80QJIEgHcdRIqWquM5zbAuMBEBUA9vi27V0XC8WPLT+Vc9NqcMmoU8dGiWpi1AX+NhQVE5H+dSHFYnSRmtNSuiNDqwyabVWP/APEFjWbZuIGUwQzBYP1xVt3m6La4i4jo/l21ZQlwGSXKtOg7fDv3pSnQRjbNPVUS9Bcv5kjkB0aSiMYKgAsskZINSucUFdpK6PyAfEMj4zrIP0ApLIrplbb7Cy1NNDNxSdGBjBicHtmKb8UnetE76IfDphJeolqoPEp3pjxCfvCqAvLVHVVXnL+8KY3B3FAWTIqJFRNwdx96iXHcUuQ4Js3vVTk0xcdxUS1MfBGlUaamFmVwvGJZt+aod5IQmAFBySCSuSY6ExV/AczLwtvTJDl1YBRpAYwDgE7Z60PwXDg2riEu6jQArnSEzMrpn/PNUcJy42yLisjjUwS2PU7EA6tSjbTIJmARHcV57lZ2RVGxw9i9qGv4d2yh2nSo3EnGcdapd7qyQpLyYCH1KpJIYqFgAxG+/Sin5zaFwprAgCRGQNEyeoyQf/NZPBc6tofMdROvNtd2Xpntjv8A1FTuP2DiqNvgbNy4Nd8OrSQFhRKz8WBnM/aheNQBxbGokCPVnuQRJnqPtWbe8WsCwt2rajIB7JMqvpjYk/es9fEVzMMBrLEtp1OJwApY7dqnXzYWkqOo5Jx6+UouND4kMTM/Dt0GNtqhY5nbZmi4s6rjDMekEkET8q59fEDM51+sYGcaRMzBmTVFzmHDk6Vsn4gC4cg6BA+GNI779aNzlg0qVM2vDPMktBy5IHmMygCZDQJHTpHeK17/ADG3cDFI1EAai2YIJUAdCNRH0rAXlvDdb7q7KDoKjSs7S05PSiF8Or6dVy50Mi36BnMt17YpSyNuwjFrijVF25oaGOFktqhgdQPT5Vn8YHuW3WSzMrRLE7rgZIgT3IFHcw5gttQLgOjy0tm4s7gYaIlRmM9utBLcR+HuMCCdKjUDj1I35QIXYdKcZJcoqS1WmU8PwrTZY4a2gDLvJAzBUnv3PzpWTIsbZeenUp7+9aXJ+KRrYti2ApfQ7rljidTkzn04AgUZb5TbNt7Sgl7R0ozMVYwFOYUqAdOnarc77J0pdHC82QrzB1nIcjf+Jv0rY4b0shaAC4GcZnYUbzLk7cPfQn1pd0NOhfSdRlA3tIM43rW4fhk8s6kVjOrUQDBwZ+c5miU1SQKJgc6H7Rvlb/8A2o7knC6kXVqAhGUhgoJ9BY5Hck/X3qjjbIucRoLKkhJY6jEauiySa0OPthLaqCuiYXSsApAgEMJGZwamLoclZcvChxqU3GEAsmoKdQgsAGHSY26Ghjbu3GTy7c2zqBL3GBDD4cW1BbJjtUeFEmcTtn+n6D7VZ+M0cLqEg62UT6SDrcahP8s1abbM5JJUeV8dauLxNxLrarisQ5JLEkAA5OT2+lH8uvtbtX4IhtCkEAhx62CsCNtSrWfzF3PFXbjyxd3JPUktvtFbXIOCF4FWdUUXLZYvBGFuECCQGntXS2lHk5FFvLx0dRwQD3H2GbZGCSIVGAEbDEf40bzLbJaAV3UAfGvWh+WoAbnwk69M+k4UYiUJjbaqvEdyLL7glSfnCsTiBHTpXNqtnZpGu8Xct3kNsMqZJYLjUCAIMQD+uap55zO6h1Tl7gSYiTkHI3Mj9ah4fk8Oikkjyzj5sf7stZfMuINziUt4Ci9IAAG7S0mJOe9TCVya+FziqT+m7zzjygQ6QsXFQ/EFbUsyNRMAHeI2ipJwzgDWQASSGHqUjb09xI7ZoTxX8CL1kn6wB/VqMs39bhMFbflBexBVrjfPJq1kklwZuCbFxPCujlVUvADal2IInr2/sdqo8q7AOltJJGYBnAgdzg/Y1PjuMKLbOok+slNjOplD5dQQChx+o6yTmqppU6yrDUIa24EgkhlbSAZJxq3O9bQySa6Mpxin2DcQ7oDqVlIEgFgTOO3sRvFJjc8vzCcagsQwYllLBojaAczRK8arN+zu6SY9LW5nYZZA/UjrQnH3uIAUvpCT6GKHRIGylog57Vam266E1FK+WDXOLjdh069/efl96T8Q+I1H5BjmTA7GfaaY81dwBcCMB1RSje2cg/aqLvEmQVMAbbA/cATWyjMxeXGT/FP7/wDVT0P+LPc/8x/xp6eiZO7j/YVwvGXERvMDW006U9IQKVzDCOuMx0occ0W24b0E6YcINWt5zJZRAgDY96y35w7I9qEK3G1RpBZMzpRjBA6ROwoKDkAZiNUf0E14rkepbDuJ4oucsNycrpB+UDbcfSqC4WB8TNGJIGe3eoKREAKSMyS2Padv0p04U3AWdtIkQZkL2IjP37UrXsSCLVhrkIEBmcANq9wN9syParzy1uHINy2oxhWJPUZ06sj6UNxLkbTp3/mJ/MTjFQAYt6n0yQCSdULG+ZzsNvtRqVcEtG7yriDcbQ3l5OCyqApjC7bmPnmheL4liQhEaCZED0lumPREHpQZsgEPaZ5Jk6pBGn4SI6kNV3BWA5IdjqbIIGomNxPWs+OwoS3wGDBVIn4SGK42wPfpR3Dcdxb3NCFgFJkaQMbkMSsz0zMUE3Ci2fgBPqAKAPnuRnfODH3rc5V4gtW7gW6hZQCI9ImdoASR9+lO+Ckml2UcTxXFPb03bTi0CPUmxXI3yII7gdNqy+G4pwrDWVk5UfmA2mD2P61vcb4nuM02rcW00liSxmInVqb0gwdvuazrnPTcuM9saWmTbABUgD075gAT70NxfTFy2Nw3FXLZV42ggkZJjGoDbfY7/auu4PxQV2Ua7lzU0iFCsABGZ37965K1zc6pVbSHGpigd2MCTOpYovi7y3WXy7ilogLtkyBuIO8dKakq4Y7+8m3f4t7xV1AuRcXAk6RqGoqAZws99tq00up5Z9SkgHHXHv1ONq4tOXcTvbQvpMHTBOYImDG2du1Ndv3uH0i4ugzKhyMhYnGrYYo1P2i04m+nDi5d16lAIUANqMwDj0ggbjc0TzMBERffp9aATmqnUy6dSAmIgNpEgwDn+tXcFzi3xTLauWSrkwGtud+p0sD7963j+StENpMZOIVEJOOoJYKJC7bZ+nY1XzHmdy5LekLBjTBBlIEkMZ69OtT4n/V7hYpcdAp0zbuOMqJ1eWhXHYkH00913vLbuLbuBZLgBQhZTpGQ9xWVcb0OwVHlUFlgzIOMGNMR8v8AxWzyfjnsWiF0kXLhDBhKkKgwZ/m/Wu4XlXAsBKIj+qUUh2juQrHt075mp2uCtWwU4YDVJLB1/lhk16SfhjftWssiqqMo42pXYFyD02FHuMfJVG2qP0rM8Th7nptowKAgwyKGDKCcSDEHMgfWj+IFy2wt2yiyMq6XE9WIC6nZHWIzO8/Khb/B8YgkuLY2DqttJmBn0g5nGay1NOzTgI4ZLlvhRoSXFu0owCJ1ozDsYgz8qnxVpb961cR08y3LXQCFUs2kKPaNJ6dRWYti8lxWcuwJILlnJAA3hjgE6RI3mt5W8u45tusKA06EhmMTqKKNeCME4qNSTs0X5Khmt2+I+ML6ASouSkscQMwQTG/9qDX8Tbc2hbvoQpAFs6rcQAGUZJ2kHGJo1OLbyzcuHQmr4tTKmG6tcNyCTiPQIFEJzbyiA9yw6IRbMa1cH0k7LBGx7Ywe99K2RXNGWvK7lzSAboNsCG0kEnBOo/F17EZO1Lj/AA/eCwumc+qFdt+9sCMd569Yo0cy4jWyraLhG/LctyACMMQYmFE4/Wh+Pu3eIYI1hPgnzGKljAOsq4O2Yz0X3pLK10KWOL4/2c+vA3ASXJIWZ0sCREjMxG87dKnxvNb1oqqWzbWAASxZiVxJZWgfEOn96vv+HhoXy76S6zoOtUIEiGbSQCMmDGM5FZ1vl1xZLWhctgidFxwVXV+Uq41RtkH7xVW3yPRXQbynmPFxIfUs5EgMwgyAYPff+1afFcVcKaCmtUh4DWNAAk/EWRlILOYIHWua4jiLdvS1gMzaiYuEMVWOhETuBBmtHiFR0S4yksAxZFMF1CjVpPvExnr2y4ZJCeNEfx9pvV5G/wDL/wD1pVk/6RsjAtWyOmoHV9cnNPWm/k/5mexj/X9izgeBDRcZcEbT8SmDIIIj9d6O4jl9sKQFfTMsV3GOpOQABvFZdrm10AQVWOioix8oFTPNbx/3jVivEyN8tGMvKin7JuLVuf2bFQMhmaQSBEkCAMbVXwvrtuQcJG2Rsx277T8zUX5hdII8xvvip2eY3QCDcMHoYI+xqn4k/qD+XD9i4W2btxM4bpMY3JEfKoXrmYGkgE5gL16b1qcJze4FCkIwHe2qn6FADTXOXpct+ZbR2YMVdWYEJgGQYEgyN6wnilDl9G0MsZOkANxAdlUCRjC9QN5nf70Ujs7CGVUE7DtAGx6dhmqgire9Hp9IGkDVBIBkZyQ0nrtWjy63bU6rjDsVdYBxOrM5zEYrmlJdmrdkhdsrARXOY1QfkTbkHvQvMuGRGaLpBElvROog7b4+3er2526hykKpBCARCnpjA6b1ncElxyxYIWJjUwQxJBYyZ6GJ3ojfYqZtcDwLJcAS6jiRqBkHTiQRkMc0VeuWP9mqqQG9WSM7GT+aJO9ZPMeLWzcm2HR1AJ9QaZG5BBgbdprN4q5cChYIk9BkiMSBmKjQ2+xUS422tu4baguu4IUvjtidtqts2tCzctupYiNUrAzEDO8bHtQXBO/mIArzqHwhp3En2r0bmHFWjbcGcqQFMMD6SACcj4jECImtqUVyyoxRyicXde2StwqoOFMgtESqECMT3+lM1xb9onR60ZVVgmQdo1Rhth9qi3OEThU4e8gc+Y7CGjSPQQw7yWcR7e9aFm/bsoNd0lntgqQoOmcq0flBEDBnelpXaHSMJ7rW30SS0lSc9RkExgRjpRPC8yuW7ikJGnuJHqUrMyJJBn2o+zwz3WW+TaDMsA6yXJXA9IETtiZrN4qzxYOq5acISRqhSo9iQTnYx71fKXApJXRrJzFlhUuMj6gSBgwR1nr8OOsVsWueXHCpcCtkQxHqXbKnocjNcS5dGY+X6QQyNqBMdAFA3kTA+1HcDxzN+z8vUSGid4iD/wAOdh7Vos39QtK9GoviI23cm0TbZnAKXGchZKiFuMVjE4PXY0Rb5gNJNkklRr0ukMuPyMkAHfEdd6wuJs6LYQCCBhWwQD0k/Mb5rR5ZY1h1ECVtjV2yMmNwP7VupRfRLUge3zi6G1JcZRqLBBGlZJJgR3M0HxfMLjAguxBJJzPxb/Ie1V8Vw72m0uIPQ9GHde4oR2rojBejinOXsJtX2WCrup/hZh/Q5oped3A2oqjxH+0TVMd+k/SswXKjqp7SfYt5ro6jlnPFt3C1u4LaNJNsIbakkyZAJSPqKq5+4usb7XGYkgTbts4gA+ptAg/MsT865oNUNRBlSVPcEg/cUn4qrhjj5tOmjTsvbUeZb13FBC63TVaT4Z9KyQfUPeWArWbmiXgltTw+TlwVRlJ+LTbugGMDCjOJ2muYfjH0kPpuSchwGmNpO+O80O922wg2mQ90eR7ei4G/Qis3hr0dMfJi+mddza7btufMtMxOzhoUD06Qh20kSYxEjAobl9+0zPDBZAKhwRszCJmCcqcd/auW4QujfsuICA5Il7Un+KAVP361sJf4hF1G2t9R2Fu53/Mqkj/P61nt0qs6Fms1E5fae4oW2UZFUuX3bWfQBtBAVpIzJHtRPH8qsOVcXmtNOy22dRnDhg66dth7b0DwVi64S4+hpA9TQXUxpPpaSvWJ2mYNb7cHw5YDzLke6dOgw5/p/Ss5WjWNSMtuR2OnHj/8bf3alWw3K+F/+s31Vp+vopqWtj0L9nmy1MGqw1OGr1kz51otmpKapmpaqdk0HWK6DlVoPwl1SGPrJIBhiAqERGcwfsa5VbxG1Gcv5tcsvqWCDhl6MB39xJg+9c2fG5xaR0+PNRkrLbqjUWtgqSAoBOQDAIHUH61Bb0wpMDMnfbJjr+m9bCXOH4g6rd023aNSMFGR+7kSfkT8hWkvh22qyEMkGZJAM9V07Ek7140oOPElyerHlWjnEtW9YhjmJXckGBgY7/rRHDJbV3W4rqitKhQwHQAEnPQfrWknC+U+bWtsQwlgokbFpAad4A2q7j77NaZPLbUVncyAdp9URPtNZKTXHIUzP4vnNtguhQCkj1nUBiPoek1XZ5iz3Ea4SWhhqVYjYZKDeNhG01ncPyi9cyqED3Pbc4z1Fb3Kv9Xt6bjwzFmiCICrn6AKd6bqK+g4teg9uYpbOjVPpKaSZmT8MQBEkZMb1i8241iw1oFIBEL0E4nJ3j+lbgvBvUvqMSCNxuJk7da4W8l2S1xHGclxuT75FKNSfJK5Lm4pGYrGqOo6e0/4e9N+JPmMQuBiSSIGwCrEiAOvtXW8suM9lJysKCJjAME57DIrA51wlx7rOtp2BJA/NjVAbGcgA1pFp8V/kEvgN+K9JW2HDFgYScwZMAdcT9K1uA5reW4FEm2wAaTKFSPWHBwCYiInb2rMTl5tZdckECCRoMEQw6k7jvGCc0OLgRYDCTuZwTBiS2O/tmq6dD59mrzThXF3Fv0GNLJLKojrBJEdJxiqbqeVK2zloiDDMcnJ1fPpWzyTknFXba6p8pln41GI9MaTP0rUTwabKCE1ksMuRiMqcgAQcyKe3J8tDTszuQWfxFt/ORyU0j1rmWIUAaxIPqOe1dLZ5eiHXpUsYQkgYUaQVJG+EG/YU9pDaBSJKsPMGoeqQxDwBtIQR0U9Yxpvb1CdBKEAyRpI1d+8iOgjrXSlUaKTpnI+N+MHlhDbgm4ImPRpEk47ggCOhPyrg2avW73h5+OtnzHK6WhdYGoCNQIIXcFv4hkie3BeIPCPFcHLOmpB/vEyvtq6p9RHvXXgaSo4PLjJytdGBrpi1PatM7BFBZmIAUCSSdgBXfcj/wDTcuA3E3Ck/wC7twWH8zmQD7AH510OSj2ccYSl0cBNNNeg+IuTct4cNato73lRmY+Y0W4QuC8YLGBC+8n387mnDIpdE5MLhV+x2qAa2CPM1Qf3RPXI9sT0NItULokU5crgMdJqzYvckt3CTwtxHET5bsqXAYmADAb6fbaczj+WXbBXzEZNYwejDYgEYPv86Vniip9YFwRADlpHbQ6kOkexj2rQ/wBIm6PKuO4tfEEOhijxuhZQSOkTJrmWpOnyjrbg1cbTMsOxg63nGdTTjYTO1HWOc30keYWUzIOOndY/Wag/LLkFrYLqIkqplZn4h+U4oJpBgiD22NaPHF+iI5px6ZpLzW4Oqn5qCfqetKszV701G3H4Vvz+kZpw1Vh6cP8AKrsxaLZpTVdKadiotDUtVVzT6qLFpGer+G4+7a/2dx0/lZgPqAYNUMaiazlFPs0jOUemdFwPi6+h/aRcX3VQfuF/rWoPGdsyTY36BiPudj9q4kU81jLxoS9Gq8maO4seMbQ/3LqPZ1x8vRTL4m4eSfIcsTM6kGYiT6N4Jrh6krmsv4kS35Ujuh4itZjh2H/3AOgGYT2pj4hsbGy/v+0Ef+2uKF096qdyaiXiR+CXkyvpHfDxFw53t3R8mVv6kUTb5xwh3LrtBYEf+0NFebKxrd8NcHYvMw4jiPI0wQWjQ4zK6iRpbaDnrik/DgldFwztuqR33DpZuglWR1GDJBVeuQRv7ntRnLuFFpmFjh8kGSWQK0YAC6sbk9s/SuG5dze1wl27a8xriOAFdIIVs6WVg0k5gkDoKfiOIvWB5lq/KSIDSjNPZG7ddqFBxfB1LJFx5O/W81skMPKUaZBbTblj6UTy5DH0kYEgVo8Fw/DufNtesEATqGgETMADO/5p+lcBwXj64EKXrYcEARggyfVIb2nGZ71rW+Zo9wcTbYqGHqNooguED4bttxBcAbgzC74ik7XZpCpdM7XygCWCICesEn7mqjfZ9EXBDREHTI3lY3xmKCbmhYYAz03kHYiMH/velwGpr6EABdDztIcaNKjt6S526Uk7dDaSVmpytzadrNxyzO1y6jEYFtfLXSTESC+3bNZ3iXxja4ZQrQWf0okAlgcF3BwE+dHc74rQoRRqcwAo3YsYVAf4iM9gpPSguI8L8Pcstb4hVe4/qe7gFWjAQn4UXYLtG8kknQwBOXcn4ZLg4i1bVWdBgCFWfi0D8oP3gxXSW1ZhpQ6TGW/dHcDvgx8vauX5NxdgTat3vMFgQ7kQYidX8Q/iGK6rl6kJLYZvWw7E4VP+EQD7yaSk2Dil0cr/APL61rvFb1zTcneGcFiC51t8U5Ge9ct4n8GcPwqNo4pjcCFxbKKx0gEyxUjQDpMEjMdYNetqpOBjue3y7ms7jfDPC3WZrloFmUozBmVmU762UgscnJ2nFXCbj0ROEZdo+eCaYmvXOd/+m/BLba4l9uHAG7sHtj56ob/qryfjbapcZFuK6gwHUMFb3AYA12RyKXR588Tj2VE1Emmmok1VkpBNni3Qyjsp2kMQSPmKlxHGvcM3GLn95jLY9zmg5piaVj0l0DuaVU6qeix0VhqeaqBpwaizRotmlqqsGnBp2KizVTg1XNKaLFpLCaaajqpaqLJolNPNQmnmiwocmkDTTSmlYUSmmNNNKaQUODThoqE0poHRaGyD2/tWzzXxFc4i2LboiiQ0qDMjVtJMD1GsKacNUuKbspTkk0vZajxV/Ccwe0xKQQcOjCUcdQw2oPVSmiUU0PHklF2jvuQ8alxP2FxgwJJsuZ0zuEndZExv2J6btvjFKB7R08Xb+AXCxRjBU6zMsCpYTvPUxjyW27KwdGKsNiNxXW8v8R2766L8JeGEcYDt0DdiT/nPTllFxdnpY8scip9npvJOJ8//AFp10+mQD+VnUDHvp9PtL1uJwgcarglf3Dse2sdf5dh19vMfD3PXt8P+zILtc1kuCy69KKdaKQVEKYid9RE4ra8Q+O2xa4VRq0jVcYalQxnSsyxnvA+dGpBtu+Do+fcJYUrxLPbsumNblUV0J9Vt9tQPSZgwR1BjyjxHb4hH0KQVYBSWUo6nUVdGUmV9JJmCIM15Fx/LLl5fxN+9cuzOlmyCRGpV6LHYRRXJOO/DyltNSuytpYnUpiG0kbA/I0pOuUaRxfT1/lfiPg7rLbt8TbZzMLqh2IktpVoJ2Jx0FBeJfFVrhAVBV7xyELABZ2LnJA9gCT+tc2OIAhvzDIyNSmOhOx6VyvGcuuXSxdRLFmPU59klmO2wmoWX9DeCubBea8dc4y7r4m41yPhUApbT+RAcdpMk1icy4UWyCpweh9t811/L/DBwbnoSRlvQG+Szrc+x0/Wup4jkdm5bW3ctyijH5WnowIjTufv2xWkc9MzyeOpx65+njBNNNdhzTwQ41twrG4qtp0MNLzAJ0nZwJicbHtnj7qFWKsCGBggiCCNwR0rrjkUujzZ4pQdSQ2qmmozTE1Vk0SmlVc09Fj0lamnBqoNUgazs0aJ1KarmnBp2Kic081XT07FRZNKarmmmlYqLZpaqr1UtVFi0ls081VNPqosKJzSmoTSmixUTmmmozSmix0TmkGqE0tVFiot1U01CaX0osKJg1K9bGlWVhqJJxIKlSNJn33x2qqkGqZKzSDa6PQ+WX7fFW1a2QlyAHRVltZEsygDMmT+uc1fynw+1xHOtcPHqViNpOFdcyR16V5zw957bh7bFWGxH9/au/wCR+LOHdCeJ1I4KybbXF1k4LHQYMRknP9TyTi10enjyJ99mtb8IfvsmP3bbg/TVcMVrcv8ADKKfSHdvkAPqECqf+KaH4JrV312bzPBlSLjOB7Mjkqw7gxXWcH4hUJ+2UowAnSrMje6FZj+U5+YzUxjfbKnNrpGRxPLGQMukBjlS0lQfodu9B3OA06WCvqxqFtgCO+hmYY+2K6HiuaG4NK2vTPxOwBiPiRVmckDJHX6gqfhDwGOwmQSP3SQJ796mUUnwVCba5ALFjSZChTtqZjcuEdtTbfdhRJJ/73J96XEaiUKwFDEuDEsuggAHMeoj/l++RzrnFvh0D3WKHdbYjzH7ADt77UqLOb8beIbtm6tuy5T0BmgA7uY3H8J+9cFxHENcdndizMSzE9STJNWc05i9+6914ljsNlUCFUfIAD3360GWruxwUUeZnm5S/RImok001FjWlmCQ8/OnqqaVFl0QBqQqXD8JceSiMwG5AkD67TXScL4PYj9reVD6SVVTcI1GBMMOgmdveoRbRzdPNd8vIOB4NFfiXDuSCFclJUdrdti0EfmJecemJrnPEfOLF1VtcPYNu2jMylmJZtXQqMADpJYxGRkUxaTEmnqsGn1UWTROafVVc0807FRPVTzVdKlYUWTSmq6eaLFROaQNQpTRYUTmlNRkUposKJTTzUAaU07FpJz71O2w69ap1U+qiw0ljrFQBqy1xBXcBh2bIoxUs3IGoo3vlfaTSbBcAM1Yj0Rd5ZcUSFLKdiuQdwdp7UE9thupHzrKSs1jIJt3IOpGKN+8pKn7iug5f4v4u3u63F/jHq/5lg/ea5SSKsW9FQ4GiyNdM9A4fx+v+84UT1KsN/bUu9WP4/tx6OG+UsqgfZcV59+JHt9f8ara6N8D60tBpvyOv47x5xTf7PRaHQqutv8AmeY+cVyXEcU9xizsXY7ljqJ+ZOah5o7gVWxBrWEUjOeWUuxz7famFK3dKMGU5Ugj6VDX71pZlRMmoFqgX96YtSsaiPqp6hNKlZVHfXr9u2Fa/d06p0qqsxPwg7KEUQc+k/Wsm/4r0COHthT0d/WwxHoUjSnzj6UqVNjSRzt7iGdi7szMTJZiWJPck5NQpUqCRUqVKgQpp5pUqQDzSmlSoEKaQNKlQgY80ppUqBCmnmlSpjGmlNKlQAqU0qVDAQNPqpUqXoPZdZ411+F2GZwSM9/nWhY5yc+aiPP7y5+crBn3mlSpDott8dw27W3XGdL4n96NP6TR9u9wZB0Jd+EdRgznqNXToKVKmhUgzhms6Vb/AFgLk6gbZ/NBgGIORmCaJtXLIAFu3dYkjOq2pJzBJZT0/p8qVKqEW2r9lYJt3ALhAkvbmQAIMWzj/KrvxdkgakMCAAzqQTPbyCOoyaelQWoopPOODsMJVUYbFd1GJytgRnt2opuecEmm47IQDpDC1rddQM6WZFbbf1d96VKkx6VbM3mXi/giQypcdkBVFjQCDOXMmQD0AEz3zXAXrpuOzQAWYmFwJJmBOwpqVRXJfot/0Zd/c/6l/wAaVKlQI//Z', 'aditya123', 1, 'Trip to Australia', 'Sydney, Melbourne, Australia', '2022-08-03 22:44:22', 'https://res.cloudinary.com/dbcpdiy45/image/upload/v1659714933/twpnwjkfdbh7zuemmon6.jpg'),
(3, 'Australia, officially the Commonwealth of Australia, is a sovereign country comprising the mainland of the Australian continent, the island of Tasmania, and numerous smaller islands. With an area of 7,617,930 square kilometres, Australia is the largest country by area in Oceania and the world\'s sixth-largest country', 'data:image/jpeg;base64,/9j/4AAQSkZJRgABAQAAAQABAAD/2wCEAAoGBxQTExYTExQWFhYWGhkaGRoZFhoYGRkZGRoZHBwWGRkaICsiHBwoHRwbIzQkKC4wMTExGSI3PDcwOyswMS4BCwsLDw4PHRERHTIpISguMzIyMDIwMDAyMDAuMjAwMDAwMDAwOjIyMC4wMDAwMDAyMjAwMDAwMjAwMDAwMDAwMP/AABEIALcBEwMBIgACEQEDEQH/xAAbAAACAwEBAQAAAAAAAAAAAAADBAIFBgABB//EAD8QAAIBAwIEBAQDBgMIAwEAAAECEQADIRIxBAVBUQYTImEycYGRQqGxFCNSwdHwguHxFRYzQ2JykpNTg6Ik/8QAGQEAAwEBAQAAAAAAAAAAAAAAAQIDAAQF/8QALxEAAgICAQIEBAYCAwAAAAAAAAECEQMSIQQxEyJBUWFxgZEUMlKhwfAj4QUV0f/aAAwDAQACEQMRAD8AsfMr0PSwaiq1evqeNuMq9T1UuhogNLqMpjCXKKr0G2KlOaVodSPbtyvBdr0rNDK0ySEk2GXiKJbu0BbdGtrQaQYyY4j0YNSlp6Kz1JxLqXAfXXeZS3mVJnoah3Di7UlvUmpoqrWcUZTY8t2iB6RDRU1v0jgVUx0PUw1IefUv2ml0Y26HS1eaqTHFCpedQ0Zt0N6q81Uut2peZQ1G2Daq7VS/mV3m1tQbB5ryaD5lRN2hqHYOTUS1AN6vPOo6m2DlqGTUPMqLXK1As9c1DVUWehm5TUCwuuuoGuuo6m2MqBRbdPc55b5V0oJIwVJ6ggGlAK7YzUlaPLlBwdMJbFGRKjZplRQbHij1BU2Sut5oy26m2VSsGqVApmnUt1L9mBob0HSxdUqWjFMrYqXkUu42gkq0bTTC8NUwlZzCoCi265lpwW67yhQ3DoLWrVHC1PSKHr6ULsKSRBhQi9Gc0u600RZMG901DzTRHt1A26oqIuzzzTU04k0HTXEUaQFJodXiZogu1XVNblI8Y6ysf8yoljSyXal59LoU8RBjerzzZoLXJqBuVtDeIM6q8LUsL1E11nEyyWE8yu10Ka4mhqHcMTUDQw9c1ytqHYlFdUPMrq1M2yLvmti3fKqZhJ23MxiTSqeGLTAwzz3kfpGae4UB3JzJpheH0tvIJk9641klFUmdcsUJu2jJ8Zy1rLlDnaGAwRHSo6a3N6wrLBAYdqzPOeR3E1OhDIMxnUB8uoFdGPPtxLucuTBqriIKKmCaVt3TRFc10Uc2yHEejLdpNXqeqlcR1MeW5XquKSDV6z0NBvEHw4ryaTR667x9tJ1uojoSJ+2/Ufel0YyyIcN0UG7e7VlOYeMYuAWlVrf8ZmTBIMAkAbYJxV5xlwI9phc/c3ASxNp9anHUHScMCQYwpImQKLjrWwFPe9Qty8a8t3aqeI5pctsVvcNdUBiNSw4wY6Z2jad65ud29ShPUrGDc+FFY7K8iVzG42M5iq0qJeey71VDzaqOe/tfDw9xEFrMm3NwAxKhnIGkloX4YzM9K84S+bV97d25rteWLquQEcK2RKkQdwMGBvtMLcasapl4ua8K0Ljb1u3bF1bmu2SQSqsSkTOsAHSBBycYrxLoYBgQQcggyCO4I3oLnlGk64ZNloZUVItQH4lAdJdAexYA/aadIRtEnFQ00K/zOyhCtdQE9NQ/ONvrTWin7CdwUV5Xo4hNQUMCTgAZz2x19qIqg5GflQs2rBiumii3UL7KolnVB3JA79/kftWsNMhaz+f616XE6ZExMTmO8dqztzxWltmCL5kt8WrSu5kyFMwIyJ3+8m5t/wD0WnVLgV0bzPSCxCNlEOoLiCRiSDtM0uR6R2a4DBbOkW9zmIW4tvSxLGBgAdycxI+VOaqzvO+YXNNu/bjQGBCnDRDQXVllSVI+QgjeKDwfi6Xti5KrtcbSDkj4gFzpB6RJHatj86bQZ+RpNmpmvDWY5p4ou2bhUW7bpPocEw6wPUD1Gd/YjpTfD+LeHbSCHUsQI0zBPeOm2287U7xurB4iui6iur3zVP4x9xXUlDWaRL3URTdpchowd6+e8V4p4qP3PDwynWQ0sGst6Q3TSVcgNn0n6014X8R8wu6rvl2b1lhqwfLVGUZtTkhiY+Oe4MET57wSq+Puegs8dtefsfQ8Ae1V3Mue2bRCvdRJIHqZRM9pNYbxf4p4kIj2HGhh6mRRpQ4GkFpJbVInGxwKwd++zli5LMTJYgFiQMyd9qvh6JyVyZz5usUHUVbPuv7faCElldYBgMhlT+L4o0jv7VjOL8UcC94qC1kBtJYoCjGfiGhjA96+drpABiTJ1doxEY33zUuHushIQ5YEA/iAbcLHU/DPue9dWPo1G3szln1e9LVGybn5a6osW3u29WkgLBeQSNJEwSFYxBwPnHnP/ErK4HDWSF06iLiNqJE6gCrZA3mB8J7VScJb8jhHuMUdb8IFE60dSwMdjoLHPtuDVZzW5++uBTKqxVMyAowo+gA+1PHFcvkLLJUe3c+h8m5kl9AwZdcAuoMlTkbbxIMHtFJeIvEq8PCIA9zqJwgwfVGZIOBSHgbm1sutq6mpmf0mAQCQQWBIkHbbfM+zXPfCPms90yt0lvSpGhz+Bxq+HESO8x7pcYz1kMoylDaJR8w8XcRdUKIt7yUJBbsJORjsc/lVTevtCgwywSsjozEmTuSG1DJ70rzvh3ssLTiHBkgGd1mMH3q/PN7dy01q9atqzBSlxAAVYLkviW1Qs/X2qqnHdwiu1P7kZRlW0nV/wL8vuWmuIt+VQmHdQJSQQrCMwDGNoBwa1Fjmd3gtPDte/dP67V1GDaBuCVkjSZBKyAQ243GU4Xh3eLYTUSx04KkjSCYLRMYP+KtNwXJr72CrWbhdJNvUToIIANtg5ACkH4lM4GxUSuZR9e395HwuXp39/wCBbxC/EcRcRrt46BgOoDWtQk6lVYaRIkFSygzkVTc24txevLqVvURJCk+lmiGH169flWj5JaW1e8h74Cujs6rc0qhVhCy0NPqkMNjMdTV3xnhPhb7ecdRLAEsjAB8fHAESRn0wOtTWSMHUlx6cFfDlJXF8+vJU+FvFDNaa3cIi1bJk/wAA0wpOxUZGR1A+anN1L2lv2uG02NKmGYtphiwaAZtLkmFMQ04OBYX+A4Sy3lWeGvX3uTbIDsqTp1aHdiFDac94pW74f497TW1FuxaO1oOCWkyQXAP6jtSrTa1x8yjc9afL+AnyfjV8p7auyFw+koNUMSp0np6gJxEm2AACTqX5Lz0cPdBZddi5lk+EA7MbZWAO4HvBzmhcTyO5w/8Aw7q3AVUsEJDAF9OV3IFwAYnMVG5yxmHmXFKAuZmVLzqEKCJDSI0kbMPpVKHPPDINzdcU0anj+d8MLi6lu29SKbdy0wZGVxPqt3JWQTB3yPpWKu3uHVyrhioLDVbhWYA4ZkecwZgBRP5WnAeH714sp9HlFSvoK5ktBEggEs06Z+ECRFXfC8CgkWrPqMh3RAonqJmZmRuNjmlWsOz/AHHcZT5ar6Fb4a5Vwl0yFullhitwFQAdhCgAz8zIpfxnyRrQ85bjG0WhbZmLQI+ERgLiBt0Gd6b8Wc2uWFTh7epLjsWa4WVWjVAA0kgL0ydlz3oXh03uIY6+I1MmdD22dcTDMNQUHMCBOPnTLb898AkovyVyUQs3bSq7W3UNBRm1qIOA2F2G/fMitny3iuJvJqt+SzC35ipcZmuuMDTrAXVGctJyvRg1K+OhcUgJGnTLsSpbU5OAGOMDdR7Vl+A8y0yvbLKQwKlf4o6dCY6dQTR18SO3FiOfhS1p0a27wPF8TaDg6dZ+AqbXllSBpVTPmGdQl2AkA43Aec8k4h0Vb99nthjb04RmVNXltmTcJOYJ6mO9WHL/ABI3FW71p7iWrxGm2YKwSDmekGOxEjeJNLzLibr22t3Q2oMkoWhw9qBrXUZ0skCSCSUBzk1JbJ+alRZuFXG3ZS8RynReuW0DMLUTI1YAWSwBGJPcb9KSC3tZV4Ik6lVjBM/FIg509x1rQJqXiLj2tRLsrZGCLqrAeZwY/LpVRzHlrKCiTbJUZA/CrGWSN+0/WkzPbG7fYMVrk4XcJzTmmtVVyS0sLc2tH7shgFBORG2rIwOwoWjSZKLGQQTqHURqHUdx1FAXg3m3OIJUDLajpYBmOWLRM/L7bF+I4c8JaS6ZVJaBP8RGiQAVJmcn6AVz4czw5afZopmw+LBc8pmW5tctFB5esG2UBB0lVQjWS59JXeAxEHSRMmtBynw3cPC+ZY0O91j+8DA6bYUx5RIwzaoneDWGfmiXrhuMFS2NWTHrUgAKZA7QJ6dK0nIPEp4d3a2JBBQKGi0AoyxiNTmRmBEfOnfVt5Gl2fYEemSim1z6ij8gYEh2tqwJ1Kxggzsa6tW/jvhvxcMxaBJkZMCvK6vHyfpJ+Bj/AFFvwfOLXGqt4sLV2whZch2Jgi5bZCQzW3EYmMDIIrCcyu3EC6bgRWc6LdsFCSrlQzKBlliASTuRuMA4DmOlrl5dNsjChXBWJkzrG0A46ahmRn1ubC4uqVeWD6mAyS4lQoOsLIBiIhcdz5OWacvJ2OzGpOPn7l4vIy3BvbW5rdGFzSojSDAhgQTsGOPbpTHK/Bi3LCXC5DXEBMCQNTSd+un0/OTmlOWc/t2OGvJAJbIVdQUYPp1E4jBJzMxtFC4LxheS0qW0RRAnUCxkADGQIgAbdK7enzZZqMU+9/WjlyxwxuUvTga5t4bt8PYF151KMJIKM7EkAmAdI+khapW5Rc89baqSbkOgaFLKc9xBwRuNqY47mj8SdXEEwiELpWBqMCf5n5Dalr3HXDdS5cZmYFSCGVTpWYGFPaJ9us16DcoQbkcLcJzqKpFzzbk02lWzYuD976kPquKQIcsQTq1ekiMfelE8PI7BTetWJEsLjobkiSQttGMKB/EQTVvy7xYlu0dFvS4QqASjajgI0hASQJmYGPeqflK8TxrgPra07kvIbQAM7xgxgAe1S3nF0+PiX1hJXHn4Gp5V4TsWSlwXHuspIGllA1LnAXM/4qtOKDKGZmYgmfUyKLYjadoHvJ96pDya1YZWFx2KtFsEjBYydAYwznckj8Iqj59auu4UscwyIYYjLSQEH1kT896io7y5Zdy8OHEfse+KPKu3A1zy1Mr8Drdd1z6yUXSFOwG5gdopZryJFzh3W0SoRkIckGCCVK2wR1b4p+mKrOH4p7t5Ll5mILaVJIPwgAmI6CNz+tP854jzWDN5zaZDliBkYXIWBA+c/Wan07TzNe/8C578NSLPguT3gi3rD22UMYe3r85Y/wCSS2n0zEkxAk7YqCi9d/drxIuXLotyl06lYpq9I1L6c7Hrk9QaqxxqiLdnzUDKPMl/SxJztjHTHU1u/D/DWeGsLdc20dlUu7v6gp2UAj0jbbr8q6JzSbXd37CY4OVPsq9+DI+MuZllt8M1gWmsxIBkbQAv/TBn8umanheY3UUqLh0gghSxww2dI2YSTNP+KebJxN0MlsLpkaty4xBYnPQ796rOG0qyl11KCNSzEicieldMIeRJo5cmTzun9TXcH4o80WrQXVecAOZKox1ElmAiGWNXmLnHXIrQci8SpdtqLrAXJAwG0nVhTqiCZwekjpIFZDheB4Uktbu3W0qWULb8thHUXCSFYdcQc+1MnxVxNsHTYt+SDADJMCc+pYBkyfnXNPCpcRX8HXjzuHMn9uTfHymUAhWRiCAQCJB1Agd5Ez7TSfG839Zt2kNy4sFhlVVTIBLEZkgjE7VmeT+L7HqF5GtYEKJuW5E/Ap+DtG3516vObfEX9DXUWzoZn/AHK6gqEmGYaZJBgGdqisEk3aL/AIiDSprksOb8zFo+m8XuXGC6VAbyrZYaiqqCdWnuTJjGIr3lN9TZDWdeyhrl1TqYJInJljuJzv1qq5NxFrhwVe/Y1L8JQzILszDGBqDkRkAoD2hXi7r218yzLcPebWUWWCPKnQ0j4CI9MgEmMgZosXp/WSeX1f29gHiXkz6H4hrmouR8ZM6TJAXcZJEDAAHuaUL8Rw9q23maPOdz8J1ahpOWPxT0yRk96X4/xfcZvMaCilhpIjaI2+RGInaq/wASc/uX7oZ5CqAukM2iQI1ZPxEGNum9RzdTUHCL5Gx4U57OwvN3upfdXdS27PqkkiIzJEkZgHp9KOnHsXS2jypEsuQNbDDLmGaJj/WKm7dFwB+pMMPxZCxP6z2INMpZAKAZ1GMglwJmO8DH/lXnPqZ6tP1/g6vBjaa9DYuge6eIurcGlk0u0XLYK/8ALudXQ49W+4yah4i5wly4bjraDgAWtBLbqQdRMAySIEAgEdjWd423cCaUcwN1JOcD23Hc96rLEXCVjUysAR8wZjIjpv711vNHJhUr57EccHHI4r5mp4TxCNd2F1kLZA1GZYeap1d9hmIoN3xGbvEDiFC2xbUaJEaj1OckSTVNxTMiN0MW9gZhjcJP5/pmmLBLE6lEvKwM6dIGnIMf6+01B5UpK+3qXmm1x3RDmnNwbq34mXjTbBbcNMgwcx+lL8w5rZa3p1IVPxIQdQYdwrDIMT8u21TzZG1M1sXDEgmAUCqCWHsMTBkQMUny/g/MIW4wGqdM7azkByDqE/2KWbUrb9wwtxQbl9/WGVdCaiiqVDEqNQOd2J/qaurPD+QJZlmcKAAMgx7nEY1dc7ikLXL3tsjro1Bv3sjSqAmZAOy4iR2iO90nCq/rx5xAGpSNJZ8B1OwJIOBmemTUJzqnfBVRK/ibYZiWtsD1BUYjHSuoN8jUQyXiQYJ0NmMfhMfaupt5+7J0vh9iFlQ4DXAEnAlNRYDE5OG+kZ7UaygVgANWwgxBHz6Rv9OlV9229tQWBLayulhI9Sgkwe+316dW+W8Q+sQqhjjEKB9R+p7nvjTvuh0WPM1YLpiQYP8A0rmZOcnBwOm9T4OdCyBgGeggDp/Wmbc3D5bAGQZ0rsQI+Z2MUKwzAlT0AXUQN9j994/1qUOonFqUXyhJYYSTTXB6b4grqIXc5x7Y/KleJEGZO+RpYED2JxOxivP+Xbb4jBGrTkkTnaRkH8qXa9rQASTJJ6SW1GTv2/OvRn1s8kUm/mRx9Lji7S5LC3dEgL6jpBk6Y9pEEd8bYpnl/iW4lhlEzcaNUurdBA0EACRtHWkxYPm21BwT1zIWJG0Adf8AWl9IAULgF2JxMYmYOZPT2rkl1U59327FI4YQvVdy+bxA3/D2VoZiHacQOpj4o6dKHzHn1y41tm3CEGGMwTLYGCfh2/hHyqoviL7b4RSTpmZGmB820gj3n3qV742ZdNslSAo9Wk6QTqjOTGB7U7yzSTsbw41QTgeaFgoCATcuEfxEsCADHSTtsKc4Hmpsq6eoB0cnIiRtG4OcQd5qs5dlUP4gxEkbzIBkexnH86PxSA3FZSI0nUN5bERuJj2E9651mlHImFwUo0DS9FyBOoKGwR0PUdq0Q5gOIs3LV+4EIKeUXQtEDKhlBKzjJ7GstYYeYoxsUIHUgY+kUXirhW2+CCCTM7799sVZdVKOZS+ROWBeFqhzjOGCOQplSAVMRIYAjf51CxbUsAzaQTloJgd4G9DS/wClB30k/URGfmK84kTJtmY3+/T7Gvbxdfjmknw6R5OTopqTa7BXSCQGBHcTB+9WdvxHeFvy20vAAVmHqSIiCCPzrMrfbaYwRtXhZycMv3jervLF90CPTzXZlktonbNRuALv/cUjquHqPoT/AEo/DgkQ2TPzkZrPP8Ax6O/Ulc40A+kTt0x9fvVld8X33VEk6lGCTgny2QyPctP0pHh+GeRPlgfIZz3ihuum9pLKyoAJWCAzZgnBnauLrOo/xt+vodPT9O4yrkQ4xfRdUwNN3G0RJ0jGx05HyzSlhy+ApZi0SdhOSBkHscg71aeK4tQQ2LiqSD8WDvIg496BdtlbCKpjVqDFlgyYPwkajME7Tkb140Z3FP3PRqmPWUXyCIACkTmcq66WAgBjIz8ie1dc4ldGS7MpgR3Bb1CJ05ET7fWgWeLbTOrBfKyJEfErGerdSYxikbnFAuykkBjqJM4yDGD0Le+AMZpNG2GzVcJLK5f+I7HBAWBB74z0zVPy7iQj6Arm27gCYkMAcNORvt/mKt+XXDoCYPxSwIG8iSOox/ZFIWHCXcKRDEkYGTq2PcSD9cVPA6m0xq5J2uAksVJLCYMTJUqOuSYBz86q+a3GSyVKtLSYMyqggh5idUgGTvB2rQcFc/ehY0yASpJglgp09wAdXt+dL8aLdw+W37tRJTVMsRuc9JYY3Okg9qPiNZHZmjKDmjMCpCsDJII/6WkgEQG6SOx6ZruD4cKVMHTc1QPTnBEFmABHfp+oLzvk/lOdB1BzOpokH1SmBAJxn3GwNMWSbdtUu25gGC2sFFaCV3gzpHUQJ2munaOtr1FSFhxd65cFy3MgL0D6IEAAHcgz9TNXIN0oDcBA9PqChnKTj0gyonpHU96XZrVnyrhXRcwxOn0GVMlYYn8QMARv2qHG81W6AAH3HuogQSsbCCRt0HzCPzVSKXwWiNab1MskkkkK4nJ6acV1db5UIE3rv0dQI6QIMY9zXVDb4v8Av0NqUvMgNaFSkCXA/EC2nDADqczROBulvVsFYQcBpOrEkHsNh39qlzngytxi4wRKldtWIAIHU94ietG4PmgdyGQPlysp1KnLQQCN9vbIq13BNciLuWPK2kiABp3BILfCRJGBHy7VHmiAOpC5LDVEHUY6TEZj3xROFs6SMhVfMgAadIJnbr/Leq/xNeYX0DHC6T8OGEQGQdW3HtmoQVz4HfYOELWy2dSGSDqOzEYJ2ke3SluEuKsK6hfXAyQSJ9OBtuD2z7U7w18bBhtmes6QM7ExvB9+1UxYamNwusbDSVOoRAMzmFiRvv1p4ptuxFwW/Lmm5rAZVBG2DExEkxE9B2Fec0tlNJMiXY+mYM9d/hnb6CjWyYUBwA3lkyIkMGk466pyKc4xFZciJiARsQJn2yfltUnOpJjVaKhNNy8HuMRbAGnYhjq0nEb4A953zS3NUbTpAIBDkTgnTAG2xncYwD8qPwzElNO6NLEjMIS23XK0Hm/DuVLkjDMGMbAwAAQZwMH5+2epTXCFfYJy9Aw0NDBVGdJMxlZ6kAwMVYvaViCSQ0FcBoI77Ykz9B9apuQXS7ZJAncZ6GAZ+u/tV7w13IKgRmCO0t9G2/zqGS4yoKKzjLqrdwSStzTBGkgkMf1G4walx53H8TAH7H+X6UxzXTrDFTLNKnTCggEeqJ31H+lKcXdwuIAZZn1ECNMYO89aPdr5BPXAIQggrC46E7/39aauWGIulN1hhIjPbpj9ZoKEELp7GD7T2x3OAR/U/ENptXcEypOPpEEdvf3oKTi00BxTVMjYtyilgCQROkDIIXcVG6FWZ9MBjO3pGxn5Z+tA/bCvDaiIlQBk9SQM9GmDHT3o3MUY2TcBAAQ6pkECBJEZxG3tXThzTUqk+OxHJjVXFBOEth0V5JJAn1QJIzvE9aNaQghVIBInp0gbjrmg8n5eOIsCLxtwARKSW3xgiNhn+lMLy26uhYkAGWn4g0yImQdq7oZFVbckmpJukHsoZZfMnSMzt6hIIrMXXa5xLKWEg6d8YODMH/Wrjmdo2ke4AY0icdcAdN4J/wDGspwrlmidRPUjOcmSD0gwNvvUuolsqTHxycuWajxa/wC5t+ZBbUCO5w0idtorLvxNxsSzKoBC427dSR/fStHzi2v7OU87TGlmU/iDbZnK9cDOKybjGCdXzEZ99+tcnTpa18S0u4ccRr21ACcZJONXTG4miW+YsGBC/CDnOQSOn5R86P4Wsh3nVDKRp6HZgwM4jScn298gc+WXtXBlTIYKC0wIzuBtjvNVdN6mNLys6jqBgFV/4ZEyWKx7Yjr1+tecbw5N1YYapSBg5MAifYHoY+WaT5GGTy2uMBrkov8A1BgFmJnpvnHfe24+yysBbnWzr8UncHr2H9K5V5clDD9i6vmuQABIGrJJIzJ2wMCdv1rP86L6haO6g6GxJDdVYERMkZM+n3xb8uvM4iI/hkAkxBUMT8Ux+tVnMuX+jzWCkAvLBtiSBhTtB7e9JGlkCyqt2bwIW9Lg49QGRufUQSGx027iKee+QPLNvQoIb1kE7GGBONRJBB7DvT/LYJLRETAC6pOSJmAIz9z8qD4iB8tC7BWPpGDGWkAwTAEYI7gRmq7qU1FoHBWXOXM7YIJLJg6iAGKjcDIyNvferTh+GtpqUMXmNSyNPpafiGCJmY2zvVHy/jXUspI1j1TMEQR8DDYT19hFHtc1C2gmg+kbGesj0lIIMADNVlFhTRrAjrAU4gR8PUT1rqy1jiL2kYfYdV7exr2o+H8h9ohefsQLbaVmLgOQFmTmBnV+sVDlXDMtwM+mCpCSsEaVdiIMBY0n5+9H422zNZRdgok6fhiQxGd9hBGJ60/xS3BpJX0jzVVlMx+6u5Ik9ukDPtW2qKj72TSGeGWAbjMSy6hqbsobIU/Ksj4g4o+e2Wg6Xwxgg5kRE95/1rT8DaLL5ZAOIJYzGpWVo7GDP+KKx1vhCt0agSoGCywpAAOMkYnuaPTpW37GZdcjuvcRy7EiOys0YAjXgjealdt28Akqs5kIAPSfVCk5AOJMUS7y0vDIGXV5h0oepA0jPpU/FkdBS723tKoOoNmYBdiSrY2zuZMY/Ojw3a+wKLjh7iqCSSVCpMgiMHMjG0RGKe4Ni1qSdpbBz09vrWe4LiWgiF3I22nVAx1kb1f8rI0fEMCOkfCIOP5965s0KQ0Sj5y4LhVmCrXP+6BIAmY6e3eveBi5YYMZZhLEbCDH1P8ASpskPBLEKCq4n0sB6sdNvtiYo/AWympAFhSQMn4RET02jYfrFVbqCSFrkDynhl0elioJAJHUZkridv603wrAOZG7CD0EZ65jMVHgklQJyGtzkkadRwSNsE11p2VPUQ8MCDMxq0yAYH0zQacmx4ncy41A3xAsQx1GOs9NhBxO/tVLev6zcmAfQMDEyNo7/wBK8468gvN6FXyyFzB2AIYE9YonA2iwYkFRqDHbMAmPyq+ijQGN8E0FEbcrLbdwcj3A/vapXuO0BhmFBDETn0iYBETEwZFE4e2hJuCDIABGR8QGCN41NVVxym55iiQPWcxiNG3vpJ+9LGCfLA3Qa7fL2WWWER6hMhj6sxuRIx7n6s8Il1xcsm5bPpiNJJclRljMgZnO80HllvV5ekAadLHBIYwVOobGSFJ70xy+5puXDqic7YHQD3OP0rTqPYwXkx8kNbLFyokALALDciZk5AxG1OBCwwzLqJ1YzuDC9B1E1X8PelWbUZnQZj+ImQem8faj8TxXlRpMBZbT3n0/eaCytS4EnG1VnnjG8PJKK+ZAOps6T+Md+v8AYrHFLpAMEAYkAAk5wCMnr3j2mn/FluXFxWlXU9cekxj6AY/yoPL+IuWDLWyAYjBG2ZWRE++avF+W0LGNEuaXXS0qGYx+ImJ9UN2YEbbRtVSLmDO5O/X+/p3p3nN/XcLAQGyNwDsDjYHHTtSFiNQnbrG/51SK4HNJ4etqr2lI9bhTIYwy3JwwiQQJ23xQebqyXmYAHUYb4o1LBMg+4H97t+GC6OjGNODpOJBUw4nBAgTuR96D4k4ZvM9RVEXVpYuGYjWSBjcyCQO3XtBP/IYZ5bxut0YKoCyQJGDBmAd9uvYGrfnrACYEQZDEdLZmO4A/n2rNco4gK4mQPUJESwYEBpiMY+3zrRcwth0YTqZtQIHZjkQO2PkSKnkjWRMKsS4LjyQzMRLAxnBOJidtumcVZ8RaVrOlmVNPq1aixY7DIgDEZ6ZEdaoOD1WdQkXSCDAj4e8HrB3xB3mavEIu8OhZUZVBnLAmQTAC/DsOu5MTNDLHVpoZA+UcWzyqtoXEQASYnJzvA33295H4nxaa6p1NKqquqnSFZSQIGR6czvQOWcYEYuNIDzpBYGMfBqYAA4jO+3vQOK4kXVjUqgj42VZLbgRJIEruB9KVQfibLsLYml3WgPpQ46QYBwZBmT8ozVqi2riJcCHXCjIAUkGDqYYMjMCDkVU8v4dkbSSq6gCrRmCNTTmVjGY7e1P/ALSgtEANBY+qcMBAgrGokA9BXVJBRbcOj6Rpa9EY0MQv+EA4H598zXVVJzAgAAM0ACfJG4EEbjY4+ldXP4b9w2hO1xhuWnAcJAlcZY4MfkM/SjJx+i4bIkFpLkAAyVJUDO0RI7doilrV4hTrvD1Y9TAx3UKJHXO2+3ZHjwA4cGXJIIBEHSSJgH0n0jv3xVtE7QppLfM9AX1SxIkKMYbt/L3iq3n+n4hnLGQACoOIlSQRvj+opDhboc6WIWFOfVnrgDFM33CKV9WlkBJ0n1TqGw2GAMzuTNaMNWH0LblHHnyW1H2BBgyS0aR3GDNdc4PVfuKfUkMATnSSsrG3Q4P9it5fxTBNOn0zsMR3J+oGTMVarxDjiCfTDiQdOSMZYxvkiN/yqUouMm18TGd/aANWzHoDtJydJPYb77jPU6zkXF3HXJXsIxMbAVkeZ2R5mpfhZmKyp+EkQQDvvtE4zmtF4eDAAFsZJyAR11AGMH+dN1EU4WNBM94VibrEnLEgSfTjqDEH4up3H2bN1hcIgEHI7mAAcjHTHzqNpF1KI2BII7ah/ecfOphFBZjODJz8tga53y/oGiHDsUJhcGDg9AG3BI/yiiFSHiZtA2xGG9ROSCTMQBiN6X4cBzKzkgY2nAySY6DpT/FcpYrqZrarqRgzXNKzMAE+4JEe/wAqG8YzVsUz9i/bfiGBtXGuKxMgyrBoXK6fSIgb/Wrs8FFp7oWSyAtb9UqShyjAS+4MRNH4PlFpC7O9mSANQvlVPqYxKkCdsRj61bcn4VPTbXybr6FQBbrsWAE4VXz+I/Khn6jny3x8+QJ2yq5XwaXrSmzbuqI04Cqg2JPrjE9qKngjU5ZXJkNLKyqBqCg4IM/CP0rRXOJRIXSgn36Z2LZ71K3dsgZ0rIBINyI304kdM/4hTdM9/Om69imiop7Hg1EMyQIgBuIQTEZ/4eNq9u+CUmFZQQDkcQsktBODa9gPpV3xVzh9A/e2wehN2Y//AFXX73ChVLXLZhAxPm9M5idsV21G1wDTgzv+5LohS2VaTLFr6YJIMkKgnbEVnfE3JL4cG3bZ2VQXVbiXAIM6gqgNp/wirzj/ABhwdq89s8O/pIEysMDuRqYSKf5dx/CX7QvJa06pjU1u2TBj8TCf8xS5Mbj54rn2E1T4PmNy81y+GvJ8bZBDKMjT6QJIO31rR8x4LzLIuWwm+RqAaPVGMTOnt1+tabieD4a44K3QLsBUg64Yj4RBhjjYT09qR5r4PuaRFwrOogsrLLEyMEZEEj2mub8UpSV2n8mJq0YjSjqVuSipOknaZgwJyYqoKRn336b9/vWp4/lV+xbdyDpGPT64nfzBEBYJO/Y1nnclZgkDOB8PQbbDau+LTVoxo+Q3myVnS41Mf4YUTBHYxgZP1NK+JuILXMlCWidIEAKTgkE9YPQZHavOSPpQEXAWMwuokkYERBA2j6xQ/EmFtHBPqyT6iJ6rA6zn5VBLzh9BXgVPqH4R8RH8IIHT6bVoLxXy7egwYbTqJA+IS8dD8R/Lagcg5Aptm7dLBXbQioC3qLABrhAIVRqBAeJ/Xuf+ZZvG0QCbSCMyskyG77AHO36iUlKVJ8odwcY7MrU4263m6YVnMk/BBG5ABxIn0+1W3hnmzC2fMACAEK6lAZX1aGAGoDOIG4FUHJsuuJlhvHWRqM43NW/E8ruHWbIV8KdIC4UmCEER1UyM7R7NkUZeWQEC8QOocMl0uWHq1EFgVAiQAAcjtv0xVRw1+DmdxA9UmZnIP+cTXcMPMusHxrOfV8LE4MHeNo96seCayiMtxZJUgmOpgAqYnUM/OelOlqqFrkjbkeoNIJiNUxuTOep+8/OgcVzJiigLpExgnJUCTEyMxn3Mda9sgMwJJAkSR+uduv8AYpj/AGepmJOgkqDPqxMAaZ7Znrtg0ePUIt/tC518z/yY11Eu80kyeHttt6iignG5xXVtV7GEb3E3GmXPcLByTmc/r7VG5xF14lmIJOnHv07ZonEC0ykop1fMnric9vahcM6KJb1EGQAWBBxEdP8ASnpGD8NxMKRBNyRpI3AEyokbnuOo+dDt8a7XBrY77E/rNQuujMIDTnp9vxfnUuFa16de5PqMttjt/eK2pk6HbHM1S4xVVdT6vWCNMmTAUjrirazx6XG0BWbU2og+sfCTG8A7erBrN3Bb1k4iTj1CRuDPSdqteEU+YXsMoW2RpJfSRJJMSAXwCSozkd6ScI1yHb1ZdpwC3LipetlGYOEbSqggjIB3GZ7mZ2zV5a4BLKsGe5puYI0FnWcYbtgbidqynFXeIt3wX/eM6xbKjSCAJmIERIkdM57vi5xQPrXy0UqxAaWcSYMzAE79h8q4c0JtKpcf3sLu03RYM/C27qarrsNMKmrSDBIJYAg/Tufarzg+A4d1Jt7NuCQ6mOhUj+fasbz/AJZcvsLgAM73CSGOYAEHTvnfuYqw5bcuJaa0HJhY1JkLKjJLY3Y7nptUMsG4LWXPqFTka/knIUv+YOHVIRtNySR6oBzMzjrQuc8mY2mtrd4NMSdfEBdLhgVLAITgr17R8kfCvPhwIZAlxvM05lrgJEjVKgmY3mN/tf8ADc984eY3DWBqwNVsFzJwJP1P1rKGHHrNtvn1DFSkqMvynwk1tmnmHBoygeZoHnFQYOzIIxEbb+9fRuWcrs8IhKDLD1XCAt26dzEAaFzuAP5mrtc9uBsBBj8CII7CYJ2Fc9w3GlmBcyZMekbkydgB+leisyyrZL9qDDAokLHhPXLm84B7QTHQTR/92FY/8W6MjYxgAAD6AAfSoW77DAd4G0n/APRjv0HQR1mjftJUTqP3owioqkUYLjfD1sYNy+fkXP5LS/E8stAAg8VKrAjzsxkYiOtSvcwyZufdqNd5mmkTdX29Yz6LZ7+9GUqlEyXDPnljw7xDqD5DpP4SnqE9D6QJH8q0PhTwubi3Ld4XLTBgVYalDhljTvBA0+xBOd60Frmtv/5l/wDYP616/MbckC8v/sH9ao5MFGG8QeF3s39QUNBBts9y4FeDm2WLem5EwYI/OHLXPCUKcUl5wGCkyVvWyJVUuKCAynVi4O4yD6a1nFPa4i2UuOtyB6gXBmNnEGQRjIz17xR3vDXCEhw7Ky7MOIfUPbUWJj57U20aqSJuDu0Z3mHFi5w/k2VEP6AWLgzp0YjVqb0jc/hrMWuSXUBGu36xGWYhhvsVHzrdHw9aBhOJ4jB1JN5GWciVGnfPzof+7SmZLN81VSO8FQN4E/IVCfU44vlv7E3imY5OR3bNsXXS2bZYqWQsTtMEHA+YE15w3Am/eVGAQGJbywQBkrDHYkk1urnLk8g8O0rbnVOo6p6tmc7RVNzXw/Y8lTavvCmND3SMhoK7xOxx98zXK+shKVK16JtGcZJGeXir3D3W0MsXI1qx1KGU7wT8SlZkbUFuXcTea4RbJLkkgkwdW51NAMA7naKsk8Oi21vDtLMp1L8Mo4ORgiRIJ/iHzq34LmTKBbLsxQFXDhcatUjAhjMCT0nGYpp5a5jTYbk1TMXyjhmHmSNOgKGLQAoY7kbn2imOA424XRvNYMrYVhI7yT2Meobbb1tuEKAF3ZXFxQfgAAUtgSPl+lL8DYs6Ldu1eT4Tq1ovmQQRqBYHbac7e0UPxNp3EFtMw/NrI80xpUMSSAcAzBackqTn+XddjnSNPaQuPrjatxc5dw6kJcPlqohNSs/mKRm4rYzEysH+ue57ymxab9yzGG0nWwCtAJOwwZxEnKnFdGPKpUuQ9+4nwnL28wLPqBOCZDR+UQZ64mrN7flsVPxalAnCxg4EBo9Q7DHXFVd5dDDQDIJaT6WEkAEf2d6ubj3b6AMjAFgxCgwQpiM9yZHuPlLSb4foOiu/aZybyqeoIWQes6hO/eva48Nw6krcYhgSCIOM4/KK6iYc4nwFdB/dkNg/FIyPcCB8vamrHgghArskllZiqfhBhlV2Mg75gdK1I5RMsLt6Dt8OJ2+JcUxw/LYEeZdJAjME/MxXkS/5CdfmX2G0Mvc8HWWj1N6Bg9NOpjBgDaYxnFecw8EIzM1vSFMaRrIMy5YEEHOVj5ffS2+Sq+r95cBVgCYGQQcQNor1fDQ/+Z877CR+s/1NF9bOEvNL09vcKSaM1b8PJcs+WFTUgOl8EtA9Iz9o6R1ORR8y8H8TbgqFugx8EyCQPw4j5+1fR+H5CqkQxXoTqJMd84n6Uza5cmk/vC3WWbH5D+4pP+xlGVp2vkZwR845b4X4sY0jTGAzkAahuI2PuM/pWl4TkjW0bzLpYkSSQQoBAkEgRiI6dTWnt8BpaS8gE9B1wBI3gGKYCBWEKIjcie9TyddkyOkvt/sMcKfJQ8N4f1BdZJWPTkwBg/DiOud6aHAIAFIkD2xggxpAHU/LFWY41XlVyVJk7fnQSkZOZGwx+dQcpvlvgdYkCWyu0DHyx9vrU2uL8IEsPsPz32ry5YdwAi6RGW2Inoonf3+3ep8PythAVcDpAH1JLYA9678HSt1Ka49F/wCj2l2PbFsfCJLH3OSewFNghJQQf4jvJ/hB6qO/U+wFSC6BA+I4Ldgd1TH3P0GMkapmvTSom3ZNLQO4ry4q76RjbAowSB8+9AdSKcwIWF/hX7Cn3QaBgbjEd7af0FLpbzRw8iDtI/JQv6AVOcW5J+xk+AS2l/hH2FdesIQDpXsfSPpXsipW4OO9UMCSwgghEkbekf0r3iOW2HGsWbfZl0KYP1Gx6fbpXD9Knau6TP0I6EdQf7wc1jCn+xuGb4uHsn/6k/pXXOS8MImxZHv5afrFNnGQa91A7kUDCbck4Y48i1/61/pS1zwzwh34ez9LYBH22q08sL8Ikfwz+nb5V6EU9x9aUPAgeToAArMsbQxYf+LyKq+Y8mtiWuW1WSSbtuVzG7Dpmd8e9aQWgOp/WpeWP4vyqGTp4y5XD91wBpGDueHW1K9tg2kaWDY1IOhjB3P1oXEXRZsut2wQVUeoWyV1RB0EAx/n842XGcl1Am04tP8A9mpJ7lJH5EUM8t4iIPkP/wBzMsj5aWrlljzxatbL4OmI4I+T8y4xm0m3rVCASCxLEnEbmBv/AJRVjw/CaENwiGCayIgKTqBdSCAnxbbnTv6q3l3w/JOvhlbUQW0uh2/7ipNBTw0ioytwsqAo0lVckKPSFIJOJI3xV3nkkvI1+4rxmR5TwAVWe4ouMCHUgrMKjKFxuIJgxkjciqS3w95vRb1zqIIWWZlBjVgZQTM7Y+30+1yy3bAH7MygARKsTgRB3J3otrhrawRbRMdF0t9x396guscW24v68B1PnI51pkNatyCZ1Wxq3O89a6vozWbR3Fj6ss/XFeVvxcP0sNBk4vBOkR8h7jtXh4oyBuSTpGIxvXV1eZSOrVEVWPUBOo9+x/oakWJ3/v5V1dWpN8mUVweFGPXeiWbULpAxn+RzXV1VUEXUFySa/wB53/TriosJBPbfPbaurqRtqPBBuxexYP4NupJ29hVhw/CRuS5Hfp9Nq6ur1eiwwcN2uRGPW7QjUTCggExJk5AA/sV5xF/GlRA2juegY9f0ryurvRMXJqSLn3ryuomJXnge9Ag/WurqxjgjRg9e/wDlR7ubavpC6meAOgGmJ969rqlP86Cuwu9dbaurqqAk69ehqNdXVjHqtBmjNZBBuIMdQd1J6e4966urABrcU9KKtsE5H2MfnXV1AJC44XfAnH9ip11dWMeq3z+9T1GurqxiQc96InEkDIB/Kurqxiv5lzeCPQyr31CDn2z+VQ/2mwWQZXSM5kyBkDpXV1eJ1WecJumFAm54/wDCP7+te11dXJ+Jye4D/9k=', 'sayam123', 3, 'Trip to USA.', 'New York', '2022-08-03 22:46:10', 'https://res.cloudinary.com/dbcpdiy45/image/upload/v1660241233/kjyrmgpphcgiw0nzdngm.jpg');
INSERT INTO `post` (`id`, `post_text`, `post_images`, `username`, `userid`, `post_title`, `location`, `date`, `userimage`) VALUES
(4, 'Lorem ipsum dolor sit amet, consectetur adipiscing elit, sed do eiusmod tempor incididunt ut labore et dolore magna aliqua. Ut enim ad minim veniam, quis nostrud exercitation ullamco laboris nisi ut aliquip ex ea commodo consequat. Duis aute irure dolor in reprehenderit in voluptate velit esse cillum dolore eu', 'data:image/jpeg;base64,/9j/4AAQSkZJRgABAQAAAQABAAD/2wCEAAoHCBYWFRgWFhYYGRgaGh4dGhwcHB4eHxofHhwcHBwkHh4cIS4lIR4tJBwcJjgnKy8xNTU1GiQ7QDs0Py40NTEBDAwMEA8QHhISHzQrJCw0NDQ2NDQ0NDQ0NDQ0NDQ0NDQ0NDQ0NDQ0NDQ0NDQ0NDQ0NDQ0NDQ0NDQ0NDQ0NDQ0NP/AABEIAKgBLAMBIgACEQEDEQH/xAAbAAACAwEBAQAAAAAAAAAAAAADBAECBQAGB//EADsQAAIBAgUCBAQFAwQBBAMAAAECEQAhAwQSMUFRYQUicYEykaGxE0LB0fAGUuEUYnLxFSMzgpJTwtL/xAAYAQADAQEAAAAAAAAAAAAAAAAAAQIDBP/EACYRAAICAgICAQMFAAAAAAAAAAABAhESIQMxQVEEYXGxEyIyQoH/2gAMAwEAAhEDEQA/ACjFoi4lJMavrroswHMPMweKsccm9II+9WV+aQDoepL0tqoiva9ADCvXB6T/ANSKo+a6fOnYzRbErlxY5FZZzZHC/KqHNtvYegFTY9GucyN5oT+IKDG/pf61ku5N2Mmqq3vQM2Vzp/LB6g7/AEo+Fm1b/aehrEVTxR1Mm9u9Kxm3VcTEA3P1rMGMU/MCPWk8zmxiNtAEiT86LGjbXEnYg+lS+YCCWMVhPnVQnRJn2H0pcZgsfN0/gpZCPT5fxFSPN5RwTTJzKj8y/MV5h8WQLEQL+vJ+1D1E/rSTHZ6d86g/Ovzn7VCZxGsGH2+9eYOKaoz07Cz1oxeJE1zYleQfFIq2Hmm4Y/M0BZ6lsWqHGrzb5lzMsb9+npRMtnWWxOod6LHZvfiVBxKUwM0r9j0o5oGWONVDiVRzQ2NMAn4lQMagMaqGoAbGNVvx6S1V2qgBs5io/HpNmqNVAD641E/GpHDBNFinYzOKXriKuh4rmgcUznKqDB+dcWC8VD4nT6/pQies0AMDF7QKE+IT+1DLGuB7UAST0rq5Um8R34ooVffp/PtSYwaoTUrHv14+VSEntXC25HzpWBWO9E0dBVHxBE7+nFLtjtvFu3NFjHwwAvFCOIs2j50icabET86qxHAj7fWkMNj4lzM9qpl01BusSKomo2IpjJSGMRt/PpNIF2LKt71ZBFHdL3+v8tXLh29/nQMthsfX2o5XpS9x/P4aIom43oAo61UUYibRB4oejtBoAAw712mKMyUJ0oAkGaC4IolWcSNv56UAUw8eDvWzlPEA4hjB69axVw/5tXEQbUFHozfaqNWPh4x4MGjf6t+tMLHyKGTSwzhtIHtVhiqeY9aAGQk1DJFUDEXFUd2NAyWYDc0J8x0HzqGShOtAB0zZqfx360uq0ZDamBDmNoPzoTEnfajgo08dqqcA/tVGAEbCPnUsasydflaqs4Atb9fpSsCfw+bj1F/pUsJjST/PSllc3v8A5qqRsdx0NqVjH3Ajf50PUIgQTVMvgFoMb7Ac9h+9aeI64cLEvyBYLbki5NS5FKPlmS+NPJ22sIobGdj/ANU9h4iu0OAP513+9XGFhST0/wB2/pC0WFCP4LDY+sx9qZ/CZhdSehAomJiqPhF+/A/npRMPMECSqntfoeZobGkhZsi52X3NvvQf9G4MFfc7f5rXwM2zjQgRSeRMnkCeJg/rFCxA6SGBBjm9iYBA639qWXgdIFgZRNmcA9L/AKbe9MjwcyCrA+9jWehEyLX5uf8Au9FCehpOwtLwWzGTZTpcQfXrNDfDKmR/P5eiEsY5+sHj2qUdTvIjvaixPYB06TPT+b1Gk825H/f70ZwDyI6f5oQibEHpeZG1r9qYE6wbH09alUj9p/XpVXRuB+v1q+A0gftTAjFw6XKdq09NgCI60M5ePn3NCYCIQiiBJ3pk4XNCbERfzD7/AGoAAU3FUdKl8+k2Vj7UA51uMM82m/0FGSKxZZVvRkUHffrShzbDdCBzc/qKvh51O49R+1FoMWNaKhxf1qwx0bZlnpI9asEMUrAhHYbbdKcwYbbfpSwXrtXKYO/vTAfxMIxtelfwu1PZbOWhxPfmmvw9VwRQUY4w4qmk1rvluoig/wClPSqEInCvMxfn9bVZ1AHxD+dIqqYnMi9EUsT3+vzqbswE3w43v+1AVWJkSfatIZUk+YD9ajM4aoCCYJ2AifVjeB2NFjURfD8PZj+guT7CnB4aqDU9rSJIvbvJ+lATNYgAXUQO1p+QvxVAGiN/albKtIPhZ63kWG5bf5HYClnQ8/Pj60RUbcie1FXCm8f9/O3+KCW7FNI2HtM/9VdjaBv2/fpRGS9/3npVmdVtq37QD2/zSbS7EB/BNjp779444m1E0zaIjv2q+HpJHp1vv33o+XVHhpOkztf6Ex9qWS9lCuCWVgQduR+wFaGbx3dAxuoXSSRJv7Tusz23pDM4qLP5iACIE8kce1WyuftsNojYgGbHcdalyitlK0gOkEiJmmESs3P5kyBqA1cA732kUFcZlWNZsJP67Gh8trSJNVQJvbntbmruEBuYPPcn9b1hYGYZwSDIUG19p7+9LZfBxXeSCCeT+00spMpRbPRZpVGzC/Hvf9prIxWUaiHJMn5HcCNhf603hZdlDA6ySAJEDm0X6iN6r/4txhOzlmYAyWMxcdbWMWp5ezVQdCSkgrFtNwQJg2O3rb/FbKTpUBQbCDN4tPF9z8q89h4h+EiB13v2Jr6L4Ngj8IKAVAWSH3NjffmDSlJoIRUnTPPfjOoulv8AlfaTFvapbOPEBImxLbbSCKb8U8aKlkSNQIueRz9fsaa8OzSuhMBTpBLAAAnsYufSpzZWMW6Rh4fh7v5mmOp/QbH/ALplPC0HU/QX32HX71pZ3OIti1zXmhmXLs5mDZfS3rRk2U3GOjTfJoCAFAN97zaNj3imP9OII27G0cbEbV51s02vVqggWjb0k9aLms2xiX42gW7fwUUL9VejYbABEqZtxyOx96WfJJMMB8r/ADrJTNOsAMRE24Pz5tT+W8UYC8E+lxN9xRTQLlj5Cjw3DI+Ej0Jn62mh/wCjxUshDDgHj2P6GnMLxjzQwAkW/SxNcniXnUBRHJPG3JtTUmirgxIvj/2LPWD+9BL4xtoX7f8A7dq3nZWkl1j/AJAbyeaVOiT515HxDliefXpTzYYRM5M4VgOunmRcVpYOPPwn5VZ8Gbi+oC8g99tiNrGlnyKi5OjmVNgN9ptVKfsl8foeTGfqacTMmPhH896yMFMQXUq4+v1j9aZGab/8T/X9qvNEYsxNcGONh2+QrQyOMQsESdhJj0n67Vn4UMASL22Mc23t1p9cI3EHf+4Ce43t+9Z9HN0Fx8ZyIAUD/YZn1O9I6BySL8Gf4aeRyBG3M/vag5zMoq6x5jIEC9509LGbVSkNJyZKISCQCVHWPS3yowQCPh2tvSeTzquwhWuYBgwCdrz96cxMdFJ1NsYNuf0p2inF+g6IP4Of5apZAvmJ46xFATPJshDHcg7/ACMUr4i+uII2+ENb5E77+kVOW6JxYHP56XCq1jv6HeZoGK47FeYEXPM6d/lVsvoWQ4JJXyneTEj125gfY9oe0r5STbTYexsKmXY6o7ARAAWZt5HYb8jbbmjJmC0kHyAzaw9LH0oDYQb48QR7n9h2ob5lV8sTH5pPpECKh1IKsLncQEQW02kgD7xSSkkBhLHiBAPre1T/AKVnBbTBuLk9t42/xXF8NE0gCf8A5frzfinpaRXRdgGuwBaI7dgCSKVxMIm7vOrgGwjeSOm1CxcyzmwJj5H0713+pJBDKLD4TYdPTrQkxUzQ8JZcMknSo4m4NM4viTHELqVhRBHUE9jvYfWqeE4SlAdWmxIMsCb22YfWlncKzmzcTcn6k/w1f9TeOqPW+GZnAxACRpJvp1GDtsJvNW8ezeGuE6SskadA3AMH23FeK8MLKSxsoXcddJFu/wC/tVMTG1jUx81o3J73giLd6yUdmkuV46Q4mGIgKpjrMx7QDvW9hZsFCCSQI8sTCj1MkAk15j8RoUK5gd/8WH85o+NjELOkgf3ADe3zG3WhpnOpNDnieEgOsapsZixHQT8pqMDNkKok6dt9iTf+d6XymeKkq8lTIZSDcHkTsd61BkwQGTTpaTePQ7iw9KG60wbsxm1uSQ0Ak7nvbt8+lWXDcHQyyIM+hFyCO470+mQ0sfyxtzfvuB61GNgtqBEm20QRaJBA4q8l4EzP/DteDew+XIO3NE8pkMLHtMcWNOllJCsBaIbcH5TFXxMA2IZYMReRzIsbUZDM18MCJ1W2PXpHsaIqKfhBJG+3bjne9ONgHhZtuLW7x9/lQTgyRCEtI814vxtxIp3YkCxEEQAZ2F9ME3H8niqQxuJJm4Py5/WnnQqGDLYkAAzK31SJHb6mglYFmhrysQIOxk2NA6onMYDiFIGqJgESOgMc9u4pQauW08G0x/OtaX4rNAeZ4M7CDbc9Zg9qHj5aLzMmLE/zr8qEDK5bPOB10ze073kHp86jO5piFA533uDVEwGF4iINrReJ/nem3ymlEY6GG9j6HrvEyLUVRScqEcPGYIb8sP8A7G8fL61qZLPYqIqiAAP5x7e1DTJB4INu5se3QVGKmm0Dan2NSaLIjKIXSR0I39OnpVg+3kvbcmb7aYMR2omHgkEdCRuYgk7SSDv+vuTOOVCsoNnCkiIaSVMCLizccUk9mEYORXEcl1QKJKmDq+BgOg3sP0jkZXieGEVmO7aCeswCw+lt69E+XgKxCwhYgkRp1A79TaPc9K8/nsM45UEwgG1oLHdpueg32UVNnVGCijNDShbDeSRIuASbECQLfzemsHMQnnaQTJmSSZt5j3ipxfBUC3YhRJsYi1zuL0q/hyRp/EfR0Ove28j9eaYUM53xAqoKkSu0QegvPG1+IoyqhRJtABJjUWge317Vkp4dcxmCByJG3uKL/pHKgBw0bbG8QDEUBQXP5hQ6LoaGJUXjS11vaYuDHY35p1cqwlgPKDIBZr2kiO15I6+9IZbDcsFdl0z/AGgEnoDIg/ztXoshl9LtIOlgIEmATrDC/QR8xScqRUYWzM8UDHTEgss+4Zo2/LAHzpLLMqkl/NA29e/z61sZnTiOqlT8J0gRHlI1DcbFo9jSwVYQjCHnBgi+wvt96E7RnLjeTMzM5yeigWA3/h9b0riFm287bjbb9BFeiwcsjsoCLBvPmEAgkGCBOx26UbL5dC2FYspw78DUSgAjj4jtStII8LZ5dUffYdwfLH+79KPh4Qf4jcdOfavRPkZw8RQg1lmMgWA1kDj+0CpxcgjYiQCF88sbwwIAEG28/KjJDfCyctiph4YGoxpUaQtwYE323JrNfNv+IXw1JJttP2sD705jeHeXEeDKM4AuJCgRYQKafBcOqBlujN8NhBUERPcU3JVRag7MDFR2chwQWPAAuOSo8pgeh71on+nG0ymIDb+zr/8AKrEuUZ9XmDOANG5B0zc+/wAqdR3VX0ODpWV8pJaxNr34vTUkkJxbZ57FyOIjQyxezDYe/G33pnMgpCwCNIJGxuvt9OtbWNl2ZyGYsIUiABN2Vo5N9Ijkmsjx9WGLpBElVBHANj+o3qXJSdEzhUbYHCdYuzidhpuPUm/8FGymqCFLCLqSCN/sP2pbLswXzmJsSAfSCfp8qeyxcMR+ICloU73Am20gX9L7VMnRkUdgSHYspAG2zciSTWlhYoYkSBYyJYRtuGsRQfFMj5xbUpE/ET19Ob/OlVVtQkEqN+InYGDHvGxoewaobfJtqJUrvbUAR34tTK4oUQFwypgN5YuLEmL7GLe1CHwtLN09xPSeYn1+az5h1seDa+wG81Ljl2V+5D2IFv5YgeXmR/J+Xas/ME6gVLAE3t/LcXoyZossRA4J4PMdPbpRlwSVvDAbkCdJ7wb1SePZIs7kqAXmODvaYsT2IkULCgyDqB9YkTaxE8yKfzGVEFUF4mCCItPUx0qmBhanIcAHrY8fL3qk00Bfw3IBwRKyQdAmCSsap/2kH+cDwMKJ4B3BEweOO23SruClwwUjlb33EjeDJoCKXnQVmbgGJM9Dzz86ZTqkHyqBSZQnuJgg9d4/SuZNA8m3/KfsYm5sKbyuVc7kGRBXckAiYA35PW1qu/hgDS0rcQADO/MWpqSsWxLLqLuvl3k9AK+c+MZtsXFZ4tso6KNhXqv6rzhw3GADAJ1Yh50zIX1MX/zXlxl8JgGcNJA/NotFoEX9esjiqujSMdHv81mAyMhDAxIEahPBuQCbn+CnslnkktoGkCHLqNNlJBCn0Mbb71nZgpiQIJiSPqOBero6S6OpJcShPFiDaQTY7xa3eotDSonNZvW2kMNGqQuo/UxHtNqZy+CAJGm3cEmfQe16zzkE1KygDSRPl333gfuKqz/hqyKpJdSNRaDzsTe4bpxG1JNeCmn5D5/GJBgM0qw8stcreYkbSOm3uviYhRDiFSfLqNhO9hHAvF+9AxsJ4UrMgAGZN/c/FboatntZw3QliGUqCbqBKkbDgAi3WqTQnYPwzMpjeYpv+WROwaQYHB+m961srlAh0rdrzuYjqG269Kxss2ImGmmYCgbPAhfSCDatrJO7smorDbhUH9s7noQPWOaG0hxthMRdaRpClT1kEqyEn0P0ja1Vx2LtoU7/ABsN0AaZ/wCRtHrNXfCCBlgsWIUgcsUUR7kfU12L/wCkoUMGdmQ4h6hnVbdhMD/NYSlbOiMaQHFUK6MCFCppA2sWUmJ3sPrUZTKKugah/wCnqXe7SBLWv1t2rQxEUABkDE/7dUQZOw7ijYGSkfAqLqmCBI5sBxtv8jSyoeNi+WwQSFBE+W/ChQVBP2jvU43h6qQWBc8ySYspsu3/AFWlgIgJAEiDJF7zb7j6VGYMg3/KZEdlpZbHjoG3h+GJGhZJN4mLwBv0mu/8ehkAsLyACdrnY8Uz+MseXzW3I3uDsTtVHzUxcX+5/gpZMKQMeHAknWbiAYU7xO4m8D5UJ/C9IHnYjUTsm+rUdxa9/lU5vxbDwwC76SZIEX46ekT3pfw3+okdghETYFTMzYbiRP8AOtJyaJcop02GbwoRJLySYMqJ2kQB2+lTg5FYHx2Ux5o9h9Nq0ky+9uu/F/WuGCSAbiP34+VPNlKKFcvlAGBAuCbkliN9jJg/vXnfG8s5xXKpr2+ESRCgH9a9O2MMNS7TCywtyTAFu5FedfNomIXfUXY+bSbAwPT6URlsjkUWsWZmEQATpJNiwO/WQLTfcRzNGwso7OskAbjcCCTuTbcnfrT8YWI74yt5D/7mqxUxFgReb/XapzHiIg4aJpgybea3I99yKuzjcFG0wXjOZSQpJ8tjG4NoMciswPLRYgiLnaINiDE0xi4aOSXULY+cEGxiJCmw33qyJoEEgqCLke6kR29KeSIbt2DTFDLpaSymIIiY4tb2P0qmO4UQBBMH0PaTUZ3FgK2osoItvBg/m6H9Kh8WVjQYsJbfabE36bcjparRSl4B5CGIDdY9Oh6806mHFvxAYuqny2iQJjvP7VXLPhsZAKtOyk3ECZJ2P6ULNYqB7XOwgWI4JA/b1pN26FtMcbOMCG8x62EtAAmfnt23mm8LSw1Kqmdw2522IFjzQMniOyaSqCbAa4m3S/e3/dd/7baSrAE2IJ3NokTPNZ5W2vI37I8Tyw0h1Y7WBuRfr1/Y0LJYYIgqSSbGBY2iJvG3zNbeEit5dMPG/wDcONRiIihY3hxUqS5UDlpN7EAVpGaapiRP+pYMLmR5Sw0yRFiRtO3ep8T8TCYepuSABMaiZEdhb2g0XBUrBIUifi3J5Mgjf9q81/XE4mJgYKQvl1W4vBMdbR7+9UlFdIuKyZ5zFDY+YZzsjlmIO7T5VU8wI/k1Z8PVB0k2F9J9f1rRxxpJTD6kBRtLC5PpcyaFjYrLpX8VUCqFAteLT7mads3pLRsYvhrg6taFvhm43MR5rcGL8/NbFwMUkF0wyRtJ327/AFivQ+LmEd4nSsxG+55/6+1ed8C8SGY1QmhliRuIJtBEd/rUJtqyWknQTE/GBE4WxnyMLwI26ftQ8fEexbCcFWBAB9eh/k7Vuf8AirWJvOxIvPc9/rSuP4jh5d/wC4LuIlkDBLdRsd79hTTspqvIli+ICBow3VgQI0mN7jaeSP3vQ8z4jh6CA2h228sAcnkj/s+o28PDxdJDMCZntFvpvbvWbj/iPiFJw1OmR5VGq8WPB+H59qF2JrRVs/hBfK2ogbAwTaOTyRv605lM2hdG1CJB+ISPKd+nrHHal8JVYebDRjsbnywNiOOflTmWyuFrwyMJZ1/X0i96zlJGkYu0P5YWXGxDpYwqCPhk6Nv7iYHYEUng4Rd9T7EEA7RoxxpHyA+VOZuTgpFzqQxf+8H2pvDyoaET4TqZ26BnmAdpJJEVK9mkvRbwmCWxCCRMJzYRPzP0AquaYq0EbiwHp+/254NjKFLSdIUhpmItf9I9Kys/nkw11M2oMREGZ+v8+0N7C1FbH8bUqPBuBa0yReIETO9uDXjfEf6mZyBYebYSJHRpsdhTfjXi2tNLKUQmUfUvUbQ1eSxMuGYiQOhBmeY+wMRxTik+zm5uXdRNjLePvhJpklQdmneev5fSrf8AkcYuHEqukSADEG9uZ2rLyeAI1SkMN9ipt1gRzvTuTW5RjBEgnV9ibe/ehtK6Of8AUl1Yx4wVfTo1kxfUJHPB256bW60vgoCS028ukXBAAg234HOxrQ0AoNQZzcKbAXA+IHzC3pSOY8OYnUIZY22HSJ3judx9YzUtN0S5ZO2auU8XbDJh2Kj8paQe46+netI/1K+4ChRbTBN+54HMdq8ViYrKZaVcKAQSJ3J4JJWDH8s3lM5qBBnb8p3ke8/9U3xtLQ48ko6TPU4/iBxlCGABEiILD35kTEVhYDyxBAOq0G1r2+tMZZC0Q2mNrXPPfzDa81JcayjiYAKFQCQCfqvPQVMX2hym5djL5UoFAk6iZiSFItBMxMc8SfWhPlSfivpHlJbSZPrcb9x9Yhc2QCpUHVAU8ExaeZFx1AnbapyviMA61FrMDvuCPmOdvpVKUkJuztcMQvkg2FiCSCYv6x8vWhvmXQg6XRTJJMwTPA46xU4pLXUErqBDwCTHHYxbtRcZtQmNUMIUeYkmOODcGOZ71umtCRVJYzsZBBizcRfa54ilMZHxXgALf8xESBG/qDWkmRKgutgoF91IMT7wOm3pdByqnTJsZEEEG9trDpPeqUk/4mlJGjlgw0pihQhGmdQKi0Wg73m3frS3+hNxckcT0vdu/uLVOVzOqcN9BS3JB7XX/MVGZyZ1Eo5B7iAT2YdxMd6x48lNp6/A5PSoXy2JGo3QjgiVtBgjee4/zT3+tYiWQka5DFTB3vtJPNzxR8jhoSCY1c7C9jfnbmmczgoHGr4RsFg3PWTxO29+K1bV7RmpDWWYkD4oB53E+0RY+taOHIbVf0nce4gxPHE80tlsQAxvG55EepB6Te1YH9Q/1IhRlwiABOtx/wAfyHqevpWKi26opRyNDE8XwMJ3UMWgldKgMJtyTG3SYNKjMpmCcREKaVCC86jqEQI38xA9a8fhYWMx1BVRTEamgjjYrpntPFex/p7BjB1sTqDGNoudImJkxqI/xXQ6R0ccEnYjmfDVQnFLAuIV+i2BgHnYkms/Hw8JTGITq3gflEmx78+9b2PAQsf7icNb3IFieykkW5XsawEw7SwLsblt5J70lbNpUn0eh8Xzco08jbaRfr6xXlMhhphgvhyo1XMybdbbXNq3/Fso9w6KREAq7Tv1IrK8OysYTITEyAbmCw5PrMekbxVxeqOaS3Z6HLZ9GAINo2sOeeBvvXlP6qQtm0A4W5tA3F4o2HjYuC+kqoMflkAqenBBjpVlxkJZnwtTG1m0wPTSe9Uk0S3aPSrngEQyLIJIi40/f+GsLM4oLh0b/buZ63vYGf2rKzHiLBY0CBtYTAsBqAmaplMVQL2Ui/IBBkH7j3oxHlej0WVxkLlgNDtY2hDzJMyGntzT+Wxm1pz51g2II1Lsdv4K83l8YEbi4J59qey3ibppBl0GkhSSIM7gjpFqzlFM1jNo9niIQhMizrA5byqYPuWvx7U/4bgIuGNBBETbtEW4AgCPavHZDNwfxEeW4w2a8nYDV8VvnRMj45iYJ0GbfkcERq2PBBrmk5R00D5UntBP6tdwqCRpZypFxIgWt/LVgHCUoskaI0+d/gPTkH/G9eh8bzGHjooQ6W1ar/z06Vk5XLAEoyLLdTIJ/uGr81/W/N6wlNNmHK1KemI4/h40AOGkEmd4EE/FtHuaHhYqgAIzEbEMNYgRNvS1auN4ZK6ldp6BtiJkhQfex4rLfw10bWXRRMyLAg2/Lzx7z6uPImqbMcm9Ghg6Cq6kAttEAMB2uDtTOUy+GPgOk8q155AEC8Gd++9BGcgQqPHwvqECeSOLW52NAxcSy69Um5ZVKmV6zJI796zptvsVB82XMpBtJETBvsSdoid+SLWpTJS6gpEqZ+kECQJsQNxtzy/lM6gszgg9dzaACOD9r9aJjZdSdS+Rlk7yLGRpHtMcfSleOmhmPncs2oO4XTGkqbkXMQRbnvxa9QhSR5QdM38oI69ovTju8EOCJNiQLybw1xz632rE8Syr4bSyATdQCWLxG337H1rWDc9Nio2MvoB8skTtN1vxz/PamcTD1kBpAvpPQgbzvHUdL2rBwkdULlCFt2O4v197VseGZotYRexDGDHEg2afQGiScdof0KN4e8prJUKxhrHmwMgSe9M5nKCdZbzCz2WbGxgb9D6bU9i40gK8iwgkQZE2sLA9ADzvNWOqTZDqFxYHaJMbrAiSedhUvll5HZn4OVBPkeLex59t4or5UMT8QIuVgi4nY9N/Wj4uGp0nTB202sSNQi59o6bbUq7lXCOoMgaGIAIJBHzgDYxYVtHkb6YwyZl1IIsImZsNj8hHWrtgo8uUG8kXsfndabGEQq2VrDbcRHQ7fDYVfSLsoiLFY1Ei20G0GSLH6U48ivqmBhHIFDEADfkmNhH2omXygYNpA1DuRzHpN/rW0ma0yrrpIN5B536Xvzx7VLZEadSAmWvBBA3NxuPrWym7plCeQypwvLokzpJ3mQZkWjimnfylSpQqsHtv+b+3161oZLKapYuq+aREnbrsAI61g/1Hm2dAmFdWd1Y2HlQJMkfllp+XWhTjKVeRx4m9oz8/n2ZtGENKeY2ucQ6CTc30+Ub1j4mV/DVWcAvOrcwtouOwFgfXy7VuNlyiM6sS7wqkCSVjZALgSs99zEABbDwQiOMRNT3YLqlV0gmGj4jcyNvWtLOmMElRn5fFgQQ6hT8WhoaR/dyI2ivZ5Bk/066m8pZJAkFhpZiBH/ITfr2ryWDmMVTqR31bsBO/W21bufxywAYlngQALs0AH0u80SsqKQlmcQu5P5VHkUbAA/IL+1Z7ok3LOeqbDte5I61rYeGhVQvxEH8RrwY2C/7bnuYk8UhgFFUXFxPzvSRTRpZ7PFwQ0L/uJED3XntSuDiLFjIgCwgE6mJjtDAbbrWfn8ypHluR0getwev3ra/p/AXFy8GA41R6g2+v2pZI54tSdIJgomIoRz5h8D7nv69/n6Fb+nGa5ef/AIk/rtWVjbaSLid+L/QgkVs+C+NMjBHM8KT+bf6i9udxzG0ZClEWxP6RYj4j/wDUD7mkcz/STBSPNB6x9or6Ec5KzPxA8W9yb0lmdRGyGb/DPz5rREUfKXyT5dgp5YAEHe8e24+tN4GOGuSIj7SfWvR+N5AuDMey814vGwXw4DiL2tIOw/z7VEolJmomIRBDEGNwTyJPcbU8PEWaFdFcAWBaDG1iACN+9YaPqIHIM/RlMdd/tTmA6sSQLGIN/NbT+m3FzzUtJlfQ2cDCwGaVLIT/AHsYHpEWHXVPatzKhsMHyCNFnmbdgLj3AryODiySN77wOYYQIvMW9KZy5AYKCVIJAKk2kDgTN47W43rn5OCMvp9hOC8aNPEyWGhLgsrWFmOkE72IvYzEfOqOUnRGmCdJFoB5n29uI5IuZdkKkqwg7qC3lEwBIUniwsaqmVwCQdboeQ6gC5v5gYnp5qxXxWvNmT4X4Ev9IWZTraxFgPLIBBid/wDPtTOWyZcksmgrZjpuWABlQJANrGN59armMs86cNpj4mTzQOJUCSfSftWhkkDIqFmkGTq9LAiJHB+dY80ZQjohprsxc8dR0hGDSIYRBuWAgQAbC0U54fjkgowbmQ2wF41ew6E8Xmtw4a7MweSSqm4kAm5JmLDpuetlhgYeISXXS4ABI5tItzxBAn1rmfOmqa17ExF8YeZQukD8qyB6hjxeCLgUhhZQhRrdjcEeUNBtJBuAsSPftW62SQgqrgyNmWYM8+h/hrBQ6GOpHRVYgOsOp1G6xa2wkVfG008RdlMDEAbQwF7GCL34vH8IqUyoSNKkoZ2EssAEiYtB2I6V2b8O16XR1gS97HTN/l03rU8IxThAhcRSNxvBYni/071qpRS7/wAKik3TdCWNmnCgiWT80xG8d9u9Vw806OG0gg/CUJ21E7TtN7bU141nixVhBcKAxtDA+U254F53NqykzSkMrHSDYgXAIB4bYdv9tUo2tLRU44ukbRlxqR/ODE7gg7SOvFtjxvVMPVZHby6TMAEGQxP2NI4GG6nyDUg3JkEe4sdx13rXy+KMQyjKGiCT16xvO/vSvD7fghMtllew0yoNmvYd43/b3qys7FZBbqYAKsv+7pfnvW1iYC6JQQCAdU2n5QAYn3HSqZdSIUAWgiQJYjbfciIqVzJ7oqxd8BnnUrBVuHET2Fzc9eKIgOC0P8IAYNA2HJPBHrVfEvExhANquT8IHmEfFcWi+xjtXmM3ncXMjzErhIwK2JnSGJ3+JtvSunjjJrfRpGDZqZrx5GDrhIpBBT/kYgELtPmj71l5jAKnQuolwC4BJBfZoHCLMRbaTelcvkEYyCFZSIuREQZleZOxrZXBdUIXzuzG6ibSZuYgTe59a6MVHo6oRVUZGfzZXUFuYidgg/tHS2557bVGZS7viAjeFJgn15C8zzFp3DiZRRdiLERHwrcbTuYm/W4ilfF8qXJBZVXRuxN5J2C3ubE+u+1NNFNMwspgLqAcORMDQ426QytNb3iWP5iuGG1k6XcmCwmNIAMKttubTSvg2AFdZZNCmY1Nqi8eVlH3rQxYR2xnBMPOGhkar6g7RfR06020KKaRdYZNU6MM+XXYkxI8i8nubDvtWb4hlMuzk/gq0BVliZhVAHwwNgOKO34rqpxDPmGmeknbiLfSmNaISDuST9Y/Skl7Ke+jymYDELowywBsw2sfuI37V6z+h1fQwYeYs3tOn/8Ao/KurqySpHF8dJSVejS8VyLMC6biNQ5m8H+dawUFyjdh3MDf1n7V1dWkDeXZt+DeKsp0P5ujC2obT/y+/wBvUZdgeQD8rep4rq6t4mbA42GCYEGfQ7df5xWL4j4bqkMFv2I39vtXV1UI8b4l4O2CWI1FCOnqfcd+9Zv+oKKTNpIB2JExvz5Z79xXV1SwRpZbNqF16iZj2mBYcfpHM1DPpdgvbmxMCwBM7AWtsZqa6pGM4WYJb1DCPKdVjI832WK0stnDpAb1BtJ7SN4HCQO9TXUMqI6mJBDI5QlRAVoWZg+WSpt0DHtTRzGIQwYI5APEGNz5Zid99MxXV1S+ig+Wx8LSUOK6sbw/k8w2i5BvH5osKvi6kQkmZFrgKePefpFdXVycvxuN+KM5QWxUqgYNCwYk8za02j83ew3pPxAqCFVCrA6RqB0kkgkTzIkT0O1q6urg4opTMYpFcplX0BVK6gZYMNSkbRquNR8vzqMHwnFVxqRTI8uq0X6ltr7wZmB26upTk1JmYy+SRjqdAumCWmLSeLG3e21KZjw0o8pgsxHMqbDYrq9OhFRXVXFN2V32UypMtDabeVXVTBBkRANrERfmOKNl8J9WqNJBLG1jczpNo2PSurq6ZCNtfGsJEkklogqpGpSpmCZgf5Mc1kYn9Rl5KKiMQRIZibyB2m+/zrq6t+D48KyOmEFoQzGXAUagXcvJu0EkDrDPYc2vzUYqsNTMHUkGLhWFtlWPKO5A7C8jq6ug6aVC6DDYsoGEGBgmBIgjm529z995MQlVC6oJm4gmGJuBsBAtsJN711dUy6HDsVzOMFH4ZCt8JAB5USJte5mB0FzMVlZz8R0c3bzopjsCYAF+V247V1dQhyB+GI4xVIVlN41Kd7/3Dsa1Mzga3CqNTtxMmwkkzYDvXV1N+xIfw8rhlYfF+AByqMCAFFxrNzzsOd71lN4zhISuFg4emd2Gsk9SzNJMRXV1StlS10f/2Q==', 'aditya123', 1, 'Trip to China.', 'Beijing, China', '2022-08-11 23:15:31', 'https://res.cloudinary.com/dbcpdiy45/image/upload/v1659714933/twpnwjkfdbh7zuemmon6.jpg'),
(5, 'There are many variations of passages of Lorem Ipsum available, but the majority have suffered alteration in some form, by injected humour, or randomised words which don\'t look even slightly believable. If you are going to use a passage of Lorem Ipsum, you need to be sure there isn\'t anything embarrassing hidden in the middle of text. All the Lorem Ipsum generators on the Internet tend to repeat predefined chunks as necessary', 'data:image/jpeg;base64,/9j/4AAQSkZJRgABAQAAAQABAAD/2wCEAAoHCBUVFBcUFBQYGBcaFxsbFxsYGhcbGxsdISAeGyEbGxogISwkGx0pHhwYJTYlKi4wMzMzGiI5PjkyPSwyMzABCwsLEA4QHhISHjMpIik0NTIyMjIyMjIyMjIyMjIyMjIyNDAyMjIyMjIyMjIyMjIyMjIyMjIyMjIyMjIyMjIyMv/AABEIAKgBLAMBIgACEQEDEQH/xAAbAAABBQEBAAAAAAAAAAAAAAAEAAECAwUGB//EAEYQAAIBAwIDBQUGAgYJBAMAAAECEQADIQQSBTFBBhMiUWEycYGRoSNCUnKxwRTwYpKiwtHhBxYkMzRDgrLxFVNzgxdUY//EABkBAAMBAQEAAAAAAAAAAAAAAAABAgMEBf/EACsRAAICAQQBAwMEAwEAAAAAAAABAhESAyExQVEEE2EicYEykaHxBTOxFP/aAAwDAQACEQMRAD8A2dOfAv5R+lXCqbHsL+UfpV013HIODTzUZpUCJ1JTUBTzQMnNKahupTRQWPTxUZpTTFZKpVXSmihWWUqjNRmih2WU81VNPNFCstmlNVzTUUGRaKeqRSNGI8i6aU1TNKaMQyLiahVZJpTSxFkTNRmmpqqgscmmJqNS20UKxiaanilFMLGmmpRSpUFj7aYrSmmo3C0KKYimmmJooLHNZfEvaH5f3NaJNZvEj4h+X9zQ0OzQ0/sr+UfpVoqGnXwr+UfpVkUkxUKafcaUU4FGwbjhqW6nApbaNg3Gmnmn2022i0FMU1ncS43asMEubpK7htAOJI8/StMCqNdaU23JUE7GgkAnkamV1sUlvuZK9qrBIEXJJAHhHXH4qNtcWVtQ2n2NuUSWxHIH39ayOxFtTbuFlBhxEgHpQzaMXeIXbbMwUjO0wT4FxPlWanKk/Jo4Rto6zV3u7ts4Rnj7q5JzGKWivG5bDlGSZ8LiGEEjPyn41xfDrjfwmqXcYUptzyloMeXIVbfDto9Mq3FBJeUZ9pfxkCCSJjlE9afud/AYdHaAVRr9QbSFxbZ4I8KCWMmK5vs24TUtbKXLTFT4O832+QPIiQeoMnnWr2skaVyMeJP+4VWdxbJwppGlprhdFcqV3CdrYI9D61ZFcdr0d7GkVXUygm2X2l88+YnqOc0T2VuBb1y3suW22km2XDoII5YkHPmedJam6QPT2s2+L8RFi2bhEmYVeUsf25n4Vy1jieuvbmtzA57FSB6S2SfStTtyh7u0eneGfftMfoaI7Fup08DmHbd8YIn4VMm5Sq6KilGN0A8B7Q3HuCzeAkkhWjaQ3kw+nvqjtBxq/bvvbR4UbYG1TzUHmRRo1eiOq2i0xu97G8Rt3z7U7+U+lYfaz/i7nuT/ALRUyk0ueyoxTfB2fFXa3YuXFMMqEgx191Y3ZXid289xbjbgFBGFHWOgrM1nCdattnuXCUCyw7wnHu60T2E/3l38i/rT9yTkhYJRYI3HNUbhto8neyqAiTgnHKiDqeJfgb+pbrIS27akrbO1zdYKZiDJ69K6HTcK1y3EL3pUOpYd4xkAgkRGcVMW35KkkvBPtHxG7ZW1sbaWU75VTkBfMYyTV3ZzjnfDu7hHejIPIOPd5jyoPt1/yf8Ar/u1g3tHctLavAmHAZWH3W8j6/rTc5KT8CjBOPybmm4xeOs7ov4O9dY2ryBaBMT0FN2i4xetXyltwF2qY2qeY8yKyeC3S+stuebXCxjzMk1f2s/4o/lT9KWbxbvseKyqujpeH8WF6yzri4qHcvkYMEehrM7McUu3bjLceQEkeFRmQOg9axNTauaS6yzBgifuuhx/Pka0OxY+1f8A+P8AvCmtSTaTE4JRbRrdpuJNZRBbMOx5wDCjng+pH1rO4Dxu494W7rSGBA8IENzHIeQI+VZ/aDVC5qSCYRSEnnAB8R+c/Kq+Lam33/eWDjwsMEQwjEH3D50Sm8rvYIwWNUdbx/UvasM6GGBWDAPMgcjQXZnXXLq3DcadpWMAcwfKre0N4XNGXXk3dkfFhQXYs+C7+Zf0NaOTzSIUVgzoSKzeJDxD8v7mtQmsziXtD8v7mtWZI0dP7C/lH6VcKqsewv5R+lWzSKHFOBTCpAUAKKeKYGpCkA1PSpUANFJkBBB5EQfcalTigAbQcPtWgRbXaCZOSc/E0k4dbFw3gkXDzaT5AcpjkBRQpUqQ7AE4PZVXQWwFeN4lsxkdfOpPwmy1tbRtgos7RJxOTBmRz86Np4pUvAWwDQ8Ks2STbthScEySY8pJMCidVpkuIbdxdymJEkcsjlV0UoqqVUFsDv8ACbL21ttbBVBCCTKjyDTP1p9Bw21Znu7YUnmZJJ+JJMUYKVKkFsG1+kS9ba3cHhPlzB6EeorlW7IXVJ7u8sHz3KY9Yma7KKalKEZcjUnHgwOCdmlsuLjvvcezAhV6T5kx+tUca7NvevNcW4oDbcEGcAD9q6aaaj241QZyuwfiOnN2y9sEAshWTyFZXZ7gj6d3ZnVtygYBHIz1rdppp4puxZNKjkL3ZK4XZhdQSxIw2JM1E9krv/vL/brsJppqfaiP3JGHxngj3ktKHUG2sEkEzhRj5UfY4ev8Oti5DAIFMfqPI0ZNPVKCuyc3VHMcP7MvbvJc7xSqtMQZIyPdNW8a4A966bi3FUQoggziuhpUvbjVDzldgPGOGrftlWwwyjfhP7jzFZvBeB3LDO3eIS1squDg4IJ9MVvGmpuCbsSm0qOb0HZUK+6863Fg4G4EnzJ+dX8S7L22UdzFtgcklyCPiT1rdpt3rR7caqh5yu7MccEuHSnTm4s7gVaDAEhoPxmreA8HNgOGuBtxBG0HpPnWg1yIwece6pGmoRTvwJzdUTNofi+lAcQ067h4j7Pl6miyaz+IOdw/L+5psSD7HsL+UfpVkVXY9hfyj9KspDHFSFRFSoAenqIqVACpUqcUAKnpUqAHFKlSpASFPFVX7hVGYRIUkTkYE5ofQcTS4MqUbE9U8va+7nz+dJuikrQbTVJxGTy5z0jznyqjTapbhYIZ28z0Pup2uRUy6lVtvTO07VJjnVCODyNK0FMlFMRT0qoRAimqTEAwxgkSBzY+4c/jVNm+r+yeRII6gjmCKFJXQNMnTEipNAySB6kgD5mgU1CPdNsbTCksQZz4eRGCM/ShvpAl2FMTj605FBa22y7SpIHJs5+VFaZGVFDNuYDJ86UZW2hyjSTJ01I001RA9KlFRNA0I1B0nz+FTpEUCB2sf0m+c1FLb58fUxgUVFMadDsB1Lug5qfgRHSZ955UtHqXZnR1A27YIJMzJp+IsdhA+lEocD3VEbtlSrFDmsziXtD8v7mtKazOJe0Py/uatko07HsL+UfpVlU6c+Bfyj9KtmpGSFSquakDQBMCk7hRLEAetUanVC2JPM8h51hai49w5M/oKTGkbJ4tbzk49KJsahHEq0+nX5VzNi1K7pjNJdyt4TDRKnzHUH6fOn3QVtZ1cUqz+F8SFzwsIcDPkfUf4UeTSoRKlUZpA0APeK7G3gldp3Ac4jpXPtZ70jYw7sZASfCR52yZk8p+tb15hsaU3jafCPvY5Vh30uQ+32NpG0Ls5/ddeYOTkz6Gs5cmsOC57dy1Nt2XuvJyYbr4V9ofClpuM2tPcIS0bgdVwTEyPUZGKSWy5AvABSo2MD4pAHhXnuXpnlWPrlDXUgAEBVCkgxEZJgAnJoilLZlStbo7TiPHTp7ilbfhuadGKCJ3MxC59JrIta8rE22k/cgSfMgzyGPnU+1k95ZcKWPcWYA6nfyn/KhNfqGtsjtbyAwAkiZjMxy+HWoikkn2NqTvwG2uJEnx22QAEkxuxz6e6m4lxdmtvttQNvhe00wQQZY8xgcjHOqtLce6VVrJAeRhpMRg4HU4itC7wZgjrsZEZSrQoGDjLESfiax1vUx05JO39lZppenlNOqX32MvhN1hc23FLAPLNjwmRMNgQfL5euYvEha1LsinYbjeGecnmfpXUXOBO7K5W5gCAB4cdRjrzrjGtgudxz3gHwJOT+ta+l1oazbSaryqI9RpS00k2vw7NvWdoAbYa3uAYsG5bl2xy98iqOzzHvbheS5tg7iZkeEn+7WYRFlCIPjug+ns5jriK1OAqTecmD9mFkHGAnL5xXSopXRg22g7W60RPKB1/X3UO/HQFBgD3n+fT51pPZ2urH7QBfZYYEzj96qv8QtrCvpLWOWBHniR51jGbt0jSUVS3G4LxYu13wSETdAyT6AUTxa53thgJVt9sFo/ERkfOq7Gqsvbu7LSI5QyFIUsPeBQ+tf7G4AvO5aHiMKwgc/wjpUO3K+CltEo03ANSLgY3FKhsS/NR6ecdK3To3Hl8xWVesjaD3Nrw7tvd3DuyDMDbmeVJ08Vr7OPEPZcwMDJ8OR/nVe5InCIjxW0M7j8jU9PqjcDNZ8YUCQfCefTdjlXJMozgcuddN2U4Wblu6yMoAuFRM4xg+vOtdXaJEF9RVd4Tq7t241tYGCPtFA6etFaLs5re/D3ABbLsSO8BgZ6T7vlWxwnhDaJbtxn3qLQ3ATPhJYkA4mJ+Qo7gHElvkum/bEeKOm0ch7jWHuSS244NHBPkyNRrNKpYEs5BiNoAHQ5qnX3EazcdAQJG3lIiJiOeZ+dcpqkm4/h3ZufeifH5+f7VtWLcaJ/AUluRbcemZrR6ajTT7RKldoXDXkGW69TVXEo3D8v7msnVvBB2zzz8YqWnmMDEmuhxMbOk0w8C/lH6VY7gc6p0dwOilDuEAeEgwY9Kndjkfrj61ne2xfe5cBTxFVW7kgcvI5qvWXPAYyTjGff9JpZoMHZnXyztvIIBwvuqpl2ozT0gfH/ACmtS6gu92lsqIHXHp8cA0+q4FcZCodMMM/yPWsvc+r6jXDbYy9OPsz8P1qLuIViR4XE8uTYP7fKtC1wa4AVD2yTAAk84JA5eQNM/Z64ybYALL4uUKRnmOYqvcjd2LCVGVrlNq4GUxjctdJpNQLltXHUfI9R86e3wD+MAXvAhtLtYhWbccc5jyPnQ+v0/wDA7LWX3kkE+GBgHGeuaqM4ukuSJwa36DKaaQYGiNyd1u3LPeHqJ5CnKVEpWC6kjY0yRtOBEn0E1m61SQ5CzutgNuZZOFAQQcH1/knam8NjRBxHP0mhdaPsyIVt0Agc+fQzWOpOpJG+lDKLZTasF2DFQpRFjIhht9kf0hy9f1ytSftEJCALjaCJ5D2uXv8AhWnoEAS6uyBt5EzMA4U+dY+ttzcjai8sKeXvpxl9X2KlCo/c6TtTnuDt3Tp7XhU8/tBgEfGsrie5fD3WwdCczk8sD+SKO7UpNy0gQmLGnG1TzlmwD58s1l8QZh/y3X8xkT/R/f4UktkNdmjaUqLVy2jG6qlkM4DKNyhlMSCQBz61LX9oOItbdbttO7gb5UcpEfezmKgmlDJbfxztGJAEnoRzqHFdUvdsndAclxzEbTzrnlpubVNr7C1NHPfJql0G2O0XFIAW2m0eH2RiP+ryrmGtFicCS4BnAzPiB8vOuj0RBRgEnYc7uZgDr/PWuTuDM7T8D766PSQcXJW3xyYz0cEnk3fkLCRZtxzPe+7oMnr7OK1eBse+fd7XdqPKcIeX89awe5c2wQrnDdDjP8/Ot/sboH759ykAL7TDHTArok0k39ycWdrDqibVzifQVndoOCfxOz7TZtDdJmY9R5UH2g4xq7V8paVWWF2zbYz4ZYggic1LT8WuXLVsm9at3SPGGtkjngYYbcep+FcytVJG2z2B17MrZm6bm8IrErs9oQZHOruHcUtsBbcWyhc3AzMowG9hgw5x9KK1d253N3fdtP8AZPAtqVMx6u01w1sTy8hP71cYe4m5Mlyx4R1PFeHjVXA1i5aViEBUMg5TMRn4RUk4BqsApbIV9ygu/TH1GQPnXPcNslr1tdzJLRuT2hjmPWu/1KBmb7d1m13YAMQT98f06jUbhSTv8DhUrbOUu9nL0EHSTggEXAOfLmelavZjh16xYu23tlSzyqhlOMAwZ8hWsxW21tnvPtW2EhzCsZB3sTzfH1NW3OIIVITM4BX16/Cs56k5RprYuMYp/ItdYu926W1Lb7bKVdpgkESGOfhQHZDh13Toy3LZE8oKnr76z73ds+0a6+rAxtAYCRV7aRgpJ1uoA5yVOBSVpVfPwN7u6/ky7PY+7cLvcVU3MwCnOCwYGV90fGj9HwVf4d7MFSXMFYIOBBycCcVBHSIHEr+eXgYx9Kg9wDB4pdH/ANZrVzm+f+EJRX9mDqOEuyE7W3yNoAaDLEtmOkD5igGDW/C8oTJA8xJE/MEfCu84JprXeLGp70xO1kieeY6f5Vyn+klANWoCiO5X/uer/wDRvVC9lBl3iWssvatC/bl0DMTatQBHOAvoa131eoewBceyWEsWa3u3cyF7sgKCMZnp61mcauIuosEo7N3SQEC5ycZz503EdYE7sMl1N45KqEsAB7U55Hp61nWyrsfmwe5xsW5VltyrEeHT2gpOOYJOZFMO0xHd93bs7vN7IMflCuPT5DyrobFi3v3tYPTmqmd3Mx5g8/dQPagWFtMqFBclSAAA0TOKtTjajRLi6uwj+K1l0IxtWn2XCVa0CoB2shLBmMnxMImKM0uq1rmH01pcjJDCfUlTWPo+MPasp4UZIEvhjvMyCJEe/wBKP4L2ga5ctgKu1mhiEiME/iPlWb0udk0XmbS6gBd7qnsgyjeHmVxOeeKWvtLcGw3DbIidhVWExE4nnFX3NVCbv4gDwKQdmMsRuj15fCaIe9Bb7UDCCCvKfXru+lZYrwXbZy7wrw+vubAxRpa2pQhQdphAJPi59OWc1XrOH6K4/eNrmnoO8tEDlgSpPSefWs3tOhG7xCDdOIyGA6+cg1gW1luf0rp0tLOKknRjOeMsWrO0ezpgB/t/smRuNtvTovpQdvS6WWN3VKxywZFbdzyWGyDnrXNFIkz+v8iul7JWRct3WKYFtlBLbjJj0wMU5acoRbbCM4ydJFY0/DxuI1V3lJIR8RGfYj/zVd59C07tZfg8wLbCfj3WKt0GqLaVg9tfvJO1ZIE4Pu/aqeJWlFs/ZqAdsbQJGRgVhJNSpm8I3FtFtp9FbRpu3e6IC79rF5IJAjZIG0gzHP5UDfu8LZge9vSPwoRPv8FWaBw1u4AGMKD4uYhfu+tZGqUPcBW3tGBzyfU5OaqEXb3FJfSjpOI8S0NyGufxUqltQQpWFUnaeQjM5oXU6vQYa4NUwYSkbhifPdzx+lE9qIF60IbNrTyBJOGc48zWNxG9LEeMwQDvJO3n7OTg/sKFFuhUqZt6HtJobaFEtaghpMuoY58izYFQ1PEtDcJuG3qFLHlA2DAHsElPI++g7lsRaJe6Ny4VQdrehM4/8VDim0WiDM7vjzXHwoS3VdjcbT3Kdfx/Sd5sfTaohcbkuMs9ZKpA8utE6XiugZTt0+oAgc7pBM4wTcEfOi9CoKE5Yc884AEj55rlLgGcH+Zq9OEpNq+CNSOKT8m0eP8ADogWdUQszF9oHvIu8qL0/b3R20Cpau7FnncRuZnLMxPOetc7o7Kt3S3G2oSZaMAbs8sn/Out7WcT0t3Q3rFkq7lPAoUzggyMYIAmnqRkvkiLBf8A8haTDNZuEHKQUaOanO4eVDHt3oP/ANO6TywtuZ/r1mdkVB0NoEAhbrXM/iDOB1ziauu9mtoLqLiv3m9CZCC4RiZBk58/KuKXrdOMnHtfBUWnJRbr5Dl7baJ8robrdCVVPkYak3bXRrP+wXxIgysY+dV6Ph6pZNtlBLbiW2gN4iWMNtkGTzEUNb4W53bEG0bh433BxzDFZ5AAiDz3Grj6qMv07/hmkYJt29lf5NL/AF9sKo/2C+FHIlBGM8zVKdudM5LLw+8xfJIUHcIOcdI3fWqdFp7YuhECKCrJcRWfxbh1BEY2yI86WnsW7L2kuNb3W7Wxd29WYA4IQrG4DEzHOtlOXSJcYNLf+wnUdsLDqoucNvsqiV3pIAjnJERBqvS9ttKDtt8PuTJEIikz15CeUTVumdWZbLDaXgGN5UiejDwjcp8hWfb1S27+ssadVLC4SstA2kIMuOSyD0NV7kuG9icVdpbmhf7d6fO/Q3YGTIXEec8qtftzbcQeH32nMbVM9eVNcsm5aupcW2oYbZGwtBBhp2rmfwzy+NVW9WbiNc7tS9sKm5bjNvceEqDnYILcyOfKnGS8/wABKLq6JW+3+nt4GhvJ6BUH7++iLH+kO1cO1NFqWMTCojGPOAZjI+dZV7iptlLVy2FDSLZVra72IEFkYxbyCM4xOaM1/EQltmZUDBSVB3PvKwji102Hw5APXzq8ovi/3JV9lOv7XOWFy3bNpPGXW4D3n2UEciAhycGeXpVGv7TopE6e+ZXdIY8nJcdOgaPhRXZK1be7a7xQ4IusJGJO3mCBOCelCf6Q3A1f/wBafvXPdujWka/Fr1wX7KpatsTbtw7qx2mfxDlVfF9RdV7ClLVx23fjISQvLOMeflUeKas3LtpbOrRV7tA4S7bEGcnbOTFPrkuM1pbeoYJH2jd6gLHHLxZ6/OrXRLKtVxdvEpt3AGJFyGfBH/tn7oP70DYtNrbrBWCbUG0uTEKY8Rz4jPOup0/aa7v7lrGwCZuBLlxRAkGEGZwOfWrU49c2E7drLO5u4IDqMzBYEe7nihTx/sMHI51+FXbW/TF0YblfmRzwenqPlR+g0l1Qty2y/ZuObgJnl7xkVd/rPauANcAVojwqYPr6UVfU3bO6yPaAKkgDAOefoDUL1Cm6TRo9GUFbTH0/HNUzMhKgqMnbIlWyQBzkYrXuaq427eR3bBQqKrm4JgGeuZ9I51n8KuW7dnbqWQ3Nxg7lB2469IziqdTxGwpbbcTaOUupJ9wWf5NJrehL5QDxrg112Nu2wdlIYiQIDTBljnkfXFYep4ZeteO4hVZgGVP6Guk4Lx2wt27cuXFVGVFESfF4syBOR+lG6/WaW+NoZ3TB8KXeefJa1hquCUejKcMnZwhecTzrtOw2mYWrojm8TGD4fP41m6fQFCWs6a6x27Rv2AerAPmfeMVdZ015QZtqBJMXbzQOnsoAtPW11OLikPT0nF2w692bNtMhIJz4nxPUfX50NpuC6dWLXnOyDt+0YQZn4Yp1e51v6dBH3Qbn96hOIXENu4Dq957t4VLaICdpxnMe6sc5UzRQTko3yzXfS6Pu1ZCyqwBDXCy4OAZeI5g1zuv7N3C5uJsFvHie5E9JJ99efRXpum4iqPcNtG3IQp3C4oY9YcuFIkTgVPp9VzbpHb/kvRL0ijcrv4BeMXGuXEYqbcW7Kgg9VZwSrHEQZnyNA8TeWjebjYKqDuYCCcBZkHn8KN4l2gupch7VoOQDuhXkfmPMc6A1ParUdbbXBOUVzZI/pBlz6R1mtfq22OFSVbM1/wCGud3bAt3SYEjY3xUkwAPZ/q0tTwm5cQqQtuc+NlEeyRAk+R+dYmo4/dvIspdtsJmbzXFjMQec9cjy6CgmuOeZJ+Mn/OmovkMtjrLdlLYi5ftc+jMxiORAHnWFf0dhDi8bnmADbAHoSG3fIcqzyjdf5PxipokEEgEBuR5H0mP3ojFx7YpSy2aNO02mGxEUXHJ27Ha7IkyNu1IY/OJqjincpcIt2GVl8LglgS05I3nKwR76t1vFna3FvT2rbhwVa2WYqB0UP4ZiRnB5RQSLcuAvdchyckEK3plPCpj8MRVuKwyclV8N7iSTdVuUXLZG0LbS2gEBQoB5yfEhjmeXSa3LC3u7Vm0o/hx4rki45f8AC03H2yD69aA0+iYxBuuAIBd3YAZP3iQOZooWABHeGOoUlxjlyO0fMVk9SC4RcdO+QR9PZNx2Fu4UbkvePb2nrCqWETyz0oZeHNBRLjqrAhllmDTAzJ9K0bd22V3d3cCnlcuq2xswNm0+Lz51fvWQoZmJMBUHdgnykeI/GaT1JJ7IeMaA73CUO1bhPgUhAWaQMYAncRgfKnt8B06w/dZHslyV+Ukn6Vq67hd6ym8oqLidoM56zH7isqSc8/Mn/HlRUnywuPQcltgk2xgTtKgKJx5yxgxyArMvcIfeb1yA8xKNCyMgOFbdIGIkSKtXXXLeLdx8GdveXRbmZykwRPSINW67i926oFy3ZRd277MEMW85Ix86pRpiyZWuktXLi7e8a6xAZA1+3bODMNuPocHOajxSwbtyCxRlBT7OEAAJxgDdEkbjk1R3neKEa0BDTuJBUDzjz+HWo6i8EUW7ePdAge4VdEfJQ2ntC21gw6yCLlxvEjD8EiB5fGloNM+64y6i6IEx4SJkL7JBA5+VVcRs2wiC7busCd32aMxGInBGACevWjeFFO7c2ySngRd3Pmxg5OQUjnSbSTGk2w/h9tgi3u9bfbcZCoJDMpJICiMIRAxBM0L/AKQv+MP/AMa/vR/CrBuI9sEAt3iAmYBKyJjmMmheK8a0lxwTYcsECsWEkkTOd1ZxVSfY5u0joTpdctm3atLpkZrasbm1IjI24Q7j7Jnb1rJfU3tLJu3bWoLkgBVUC3s8LCcdTGAPZrMtMlxVnWapmVduGtWUAMErvULAwOvSjtNwuyFLBbLFYkvqleJwN3tczjnmhpvohfS+Rk7WuTBi2M5Chs+oxj40M3HNTcwCTzGFPXHwqWs4o1h9n8NZVoBVlBYEHIZSMEVU3aG+y7UYAdYRFj4k08NuCs35M9tJNwEu9vlI2qADHUHoQcmenStHSaQvbBW422WUEsFGCcxnwxWe/FbhPiuE+m4x/Zqp3LdWJPSMfMmpjo4u9v2LlquSp3+5rXtEgH+8tzPJnc/pEzRXCtVprVs95at3X3E7gjQB0Hi3evXrXOuSMNBA6bh/dqIRTOfcAs/UmrwV7sjJ+DrX7XKMW7NpQPQD9/2oO72uvnIG0eYUfrA/WsJkIjcMdASB9BmieFanSo7HUo7DYe7VEuMN3PxEZH+dDhEeTCLnH9SwlnePf/jNBnWXDlmbPLmJ+Miuqs9qNGlvciam42dyP3wQA+XeYOIxPWuWu3FuXGcILSsSQoBIUeQFP6ekK2+SsuxGTJPqD+xI+dEWw2Bn2WxDZ8J5Sc/AUypuOJbyiFx8JApEicAD4lv8ad7UJfTJS8OzE7h/wNPuNdVrNZqEvv3eouoodoVTbCiTmNynFTbNlsDd3iw0bGgiI/L8KEFic8scsnkY5mB9K59GC073PQ/yHrn6zH6ax+bBlQyd7liTJLHcSfhAM1Yi9ORH5V+c5Joq1aUsNxmROIGN0cliKLt6FoG23HmWheYYc+vMVb1UcSgzOW2Tnby8xg88ndjoauTSticDqM88jpHl51onTqCd9wAzEKJM+Jvjg1NLi4C2i2AZuEDnJMLjI8o6ioeq+ilAzl0kcpYjyHp8+frVv8KQCWCpjm5E59MnnHzrQ23CsuwtrAnbCLyII3H3g/CpaDtFwq1K3dRDzmLN1h0EFirBuQyIGBSTlLZscqiZYuLuAAa5j2lG1cgfePPB9OtFWUcDcEt216kncf6zYGIrQ1moS41t7C3btt0zc09tLluQSuPvK2M464oHinCWVRcBuv1cXEIa2MwWBOOU+7NP2mLNcELmqtfeZ7pH9X5nHyFVXtW7qQvgUiCV5ice0eX0oRQMgZ8mOPpViaa/cb7Cwb0Qbm25bt7eYGCMzB5Doa0jpxQnN8mR/wCgJG3vrpAxG8R84yD6Vpsm7HT0MfWjBw6+WCnR3UkNDF7e3cBIWComYPJvpQD3SRBBX+hjB9YxNVTM1JNbEiFH3nb033CvxBOflTmWEswVZgSHIny8Kn61FUgSxgeQgnl5Ty9as0vHdZalbF22iEztNrcZ/NuBPu9af2GNfi0YGWgEN0giQV+dUaO4neA3biIuZe5DIhgwzKSNwDRjrU9RrL+ocveZXaMlE2BV6mJPUkn30TwzjmiS3s1FrVBgxEp3oVsnxeFsyI5gRyp35Ci3iWusi0Qmq0t5ywgWbaW3Ec2MOZXpywaw9Mhy5G6M8+ZPIfz5Go8Q1Fm9eLWbbAYEsrhnMRO1iSMQOeSJ61ZdbaNoGBkkAwT1+XLpRHZC42OYbSaneWYKZPi8XMHmOflXY6BFTT4XarXeQj7q+n56yQ8mt5FA09n+k1xvqq/3aifS+So9hHB9Rm4qmGlHX3gkfofpXL8Z0r2rmww5CqSwBgkif3ro+EsRe2z7asvzGPrFS4vw0ahkfdtIthSPcWI/slR8KbdMMbRZpO1PDltpbK2mVFhe8tW3IMZJZrwLSdx5DnV17t1w2yyrasWyrqxuG0iKZEBEZZ2tMv8AexA865DTaJYEWbZJjLA/uQvzFXtoQud1sHyTaT/ZEfWnZGKL+KdoW11wt3ZW2nhsrAUhYBYvzBlpiCIFBm3GCF+Yb9JqfdqOc/QfrV6ERAtqfU7yf1A+lOwKluEwCTHkqqP8KmumLZVDt83YR88D4Va9hlEsyD03qT8lk/Oqgk9CfcP3NIYkkcio/wCkMfmQY+dONkZLE/AD9yfpV6WuabEDANJYuWECeUxOOUVIaNtu6SckQIGIBnHOk5IaTKe5IG7ZA6FuvwPMfCluLEfKEUfQAAUcultqSTEQ2Dlpg9T1n0q20IW2QrnIk7Tgkjr0HP586h6iKUWZzafqoMTEsQM+4USmgYbgYEMAYVfImQxzGB861k0DgAwqJJO4RHl1gH4Vbc0VtfbuE7yTg7OQ6EwDHpNZvU8F4GVb4cs5Mw4xJaR5EYjlVycOuFYS2Z8fI7WkiBGM/wCdHrxG2pdbVtSUgEgbiSROGwAfORQ76q/cFs4UkA3FJDDIPh2jE7jMwOXrU5yY8UPb0xAhiEgDd1I2r1jI+VWWrVkEKSXME5gCCQekjr6U2m4c7B58QYy24LtXAEcoAxyPrUnuWLQhrgMfdt5+vL6mlu9g4JLqWEKltV8PSMHEAcz58ielRXQ3Hk3GJBUK5J2r6kN0Jn6ChLnGTytW1X1aGP18P0oC/qnuGXdnPvNVHTfYOaNptRYtztYknLBIyf6TQPIcpoS5xZv+Wip6nxN8zj5AVn20J6hR5mp3NimFPeesED65rRQRDkxXLruZZix82NV6i2VMEqT5KQfqMTVt24W9raojAUAfpz95paKx3jqgKoDzdzAUeZPSronkha7ScRtDZaayLa4QMHkLOASpG4+sVG7xriWpZUc245EW1aXEg+IkkmIGfKa7X/VJFEtZDQJ3d/E+ZzArI4/wRkUXLSqtrZNz7VHCsDt2gzLHl86KZKkn0zCOASzeKcACR85/as/WPrN4e1qTaAAG1JUGOpAOT76LU+WTRa6YhRccEKeRjBjmB506rkoybeq4ozeLVswkmCJAxEqsQuCeUc60w3diDtdiBkbsHn1iT08qfUa0eJbUqpxBOSPWAJzmgy9OKsCd66zGWMn1qemtFzAj4kDlnmaqRQSATA86IvX1UFFMqCYbaAx6Sesek02+kBbc1FhBFx2t2+rjbuDERMlWxPSDzrLu3luElDKSdpPlOD8RFB8Qsi4CpYxV+i00bUBA5ATAA6ZPID1pKNNu/wAA5Kqr8hKFLa9452rkAkGCesGRDKDuHPMV0mi4tw0qu3i1+3j2Ue5bQYjCOjwepzk5rm9UinG1QAIMEsCRgtnz54xWW2gtn7if1RRvyS10bXG7une7u09/vhADvnLDEkkCWK7SSMTyitHUjbbsL5Wt39ZmP6EVzNnSomFUD3Cuq4wgW4E/Bbtr8kH7mon+pL7stfpbAbL7bit1BBAFX8Q1d5XgbFHPa6AsskmCaEvGCK0+N6cu6Ms5trPvz+0UMEc4gECWHIcpY0TpkHW274keLaI8yAJI9xFKlVGZMWi5O1USFkhZPIgcySZzU00JIJffjbE45mJI5x8KVKs5SdGiii9dCFSZUHdgjyjlk0U+nRgu1GYBcESQMnrj609Ks3JlKKCNNo7jvcxtDMwypkyI9nkwqzT8MWCty4ME+FN0gYGUA3Ly91KlSKJ6cWFUkBWEsCzMkGCQZOZA5ZjlTabXtcsl7IAlTtHhQdQJJJI5cgwpUqQA1y3cdFDPtfwbzbBYmIJG+eRIjmcUR/Bi46utsl1B8RJYicT4QFA99KlTewCuXLVsfaXBP4UO8/JYUfOg7nHAMWrY/M/i/siFHxBpUq0hFOiHJmfqdZcuf7y4SOgnA9wGB8KpVPIU9KtaSRJfd0pQBnZc8lDAt8QOXxptPqCplFUnoWUNHqAZE0qVT0IrZertmntqzEKimTyjJNKlVPgYnt7D4+YOQcH3elQ/9Y1Nq53mkW2hjaA25hB5yScn+YpUqQmFjt/xUCGTTt8G/SaF13Htbqo7xbdsQA4SSGgkiAT4eeY5wKalSBFtp0RDukvjaBG0eZJ5/D60Pdvs3M4/T3UqVUBVNW6bTl3CzEzk8gACST6AAn4U1KqYkadttKbZUawqu1bjzZMRJQEndPOcVncV09tENy3qFuotzu7hCsmxugYN5wYPWDSpUkTbM5BWkqNbthmtgi4p2M0yIOWUA+hGfWlSoZSAmuVVupqVUII0Sb7iL5so+ZAroONNOoun/wDoR8sftSpVlL/Z+DRfo/Jl6gma3rGpDW7eeSxzHQmlSoBH/9k=', 'aditya123', 1, 'Trip to Chennai', 'Chennai, Tamil Nadu', '2022-08-16 19:44:32', 'https://res.cloudinary.com/dbcpdiy45/image/upload/v1659714933/twpnwjkfdbh7zuemmon6.jpg'),
(6, 'Contrary to popular belief, Lorem Ipsum is not simply random text. It has roots in a piece of classical Latin literature from 45 BC, making it over 2000 years old. Richard McClintock, a Latin professor at Hampden-Sydney College in Virginia, looked up one of the more obscure Latin words, consectetur, from a Lorem Ipsum passage, and going through the cites of the word', 'data:image/jpeg;base64,/9j/4AAQSkZJRgABAQAAAQABAAD/2wCEAAoHCBUSFBcSEhQXGBcaGBcbGBsbFxsXGhsbGxobGx4XGxocISwlGx4rHhobJTYlKS4yMzMzGiI5PjkyPSwyMzABCwsLEA4QHRISHjUqJCkyMjIyMjIyMDIyMjAyMjIyMjIyMjIyMjIyMjIyMjIwMjIyMjIyMjIyMjIwMjIwMDIyNP/AABEIALcBEwMBIgACEQEDEQH/xAAbAAABBQEBAAAAAAAAAAAAAAAAAQIDBAUGB//EADkQAAIBAwIEBAQFAwMFAQEAAAECEQADIRIxBCJBUQUyYXETgZGhBkKx0fAjUsEUguEzYnLS8ZIV/8QAGgEAAwEBAQEAAAAAAAAAAAAAAAECAwQFBv/EADARAAICAgEDAgUDAwUBAAAAAAABAhEDIRIEMUETUSJhcYGRBaHBMtHxM1Kx4fAU/9oADAMBAAIRAxEAPwDgqKWKIr688YKKWigdiUUtFMLEpaIoigYUUsUUDCiiKKACiiimAURRFFABRRRQAUUUUhWJRS0RQMKIopYpDEiiKIpYoASilopDCiloilQwpaIoiih2wpYoililxDkxIopaKOIciKKIqUJUnwD2/nejkZ8GVooipCtAFPkNRIyKWKfFGmjkHEZFLFO00sUWPiRxSxT9NJFFjobFEU+KNNHIfEZFEU/TRpo5BxGRSRUkUkUchcRkURT4pIo5BxGxSRT6SixcRsUsUtLRYJCURTgKWKLKoZFLFO00umixUMiiKeRRFFhQ2KWKWKUCix0JFEU6KWKVjobFEU7TS6aLChsUU/TS0WKiukzmIgn7xUzeIOsWxcIEvABI8wAbPYgD6U/hU5hnoO/9x++OlVbfBi4l241xFuWyCoLQxUaxpC4EnB6zHrnyXncVs7fSTJSe5FLppirgT1A6z67iph3rrx5eSMZYqZHFAFFwH9aSzVrILgO00aafgU5ROBG0/r+1OWRJWwULeiC42noc09UE52+/yGKh422ytDSNsHESAdj71NbGO+M1Cy22W8ekNFEU9Rjp0PrQ6wSDgjBB7045LQpQpjIoipIpypNU5goEDmKIpeJTA9z9qdppLJbYSx6IlMk04LNNRcn+dTT0aaFkVbE8Y0r/AAEH9KbFPY6QScAdazn41RcIJgAkHHaR270pZ1FKwWK7ReiiKEcHrT60WRNWiHBpgopQKAD8qkRCdh0J+lLmPgNVaUpV7g4R1LBHEtKtJXbqAQYgg9M1TvXA1xjhROwmAOw3MVHrIfpsYVpIq/4iltVtfDuK7aefSpEGZzIAJgxifLVAtAk1Uciaslw2EUoFKKcKrkHEbFOC04LTwtHIfEj00oWpAlKEo5CcSPTRU2iijkKiFHVdJJjYGe2rcR7nO9Q2mt/6W8puGTcDMmsgE6nggRE8q9+s9IqcEggDQhhDnzSdZIBAPKYMR2APWrXiaBC1oAAeYnrljy6gfLgEKRjftXgylydHopasgtWyQrgk7A9SJiAe5PtVtVjDYOMTmDP6dao2LCGNRZvPqjXA5RoBO0GGI0mTER2r3OKctG4YnLZPNInVvjB3iQJnrrHK1pCcUzWNtsqFztvBwZ/yMVGinUdhvM4A/n83rOt3AG1NMwZOrJJmI2PSCcjPtNtuKFtCwXMEATO57x6E/Sto5mZvGXUsm43IMQzZI8qyTnGYB96ZaYDVJ2U/oelYiXp3/wA1ZQa2g3NIWWUSJJlBABOCRBzvo9MPJluIQhTLyf1W0pJO8QZiNx3qzYsay1tCpZRJBZVIiB+Y752rM4G46swtMQwDQ6vpJVdeqNJzqVtpOxiZqo51uzXGZSdRMjW0icMMEtjJIHUmKyWVpuymk+xqXXKqykDqdoO3WDsM/erFu6vMbmpnJbmbmbVqGXnJO+e/esuxdS3bUzrBnpGVPkPbBB9iPlXvcSzE78oY7SR7/uaayeR8TZDA49cY+3rV0cNFsPmCxAOPyiTOZG49PpXMWOOdotyBmRv1gRjvA2q/xN27bDgsxVBOUZFViQIGsZ7bZ07RkE8zbSQ4JLuW+KgqPff6z/j6UrMP56VQ4HixcUlyxj1kSZjAAgVZ4e9A0agGJGkHYxP7R2zWkMlbJlGxLZyff96mCiFx03jfA9P5mokRdyJyBO++JAmT3wvzFHE8QFmWUNMDbABYYk4EgDr0qHluS+Q1DTJVs/E5TtgGRjcQDkbmBuJneub4woWOlQkADSNRBb83myoGREmCBE7jc8NvFiyO4FsqxcxIiCBy6W1ZOAR2rI4iypbUDpQlAZXIMAO2hcRq1EKDtAxWWSUpS7aSKSSRs2WtuiuiaJMZYtEahG3cevSl0z1GBO8f/aYtkJbtKC35jBBEGc4OxJn7UFgARGfn2NbYcvGNESheyUuAJz+1NS4QJG5B9Y3FMuXgcDafb+3/ANaZqhNUiROPvWjzWTwLyuWOo5AkmBjAjb5VlcRxB1kAdY339fpUvh/GebUoMkE8xHcfoTSG1Dh9Ume2JP6jfas5ZPBSgS8C4aNR0iRJyYE7wN6k4scoAAwYkTzZOZJj0ERVNHCcrHHt1q89rlB0kkzo/tj0BiZJHXocd36rqg9PdiC4IAiSdhIH6xScO5LMDtn9aLZOtUgHIj0Ow2JB3z/ik464rE3begBngKoJjlU9Mde870LqJckn2D01Wi4BUoSspeMmBmSeb+2MAR17/apEvOhhTy4ntLSd4npWvr7on09GsLdOFqqQ8RuK+tAzaQJNxdS6gOZezDM828fWfj/FU5LaatUabmAYYKBKnGNeowOgGafrrwTLG7J/h0VFb45UAVuYjqEP026bfKlpevH3J9NmYeIKMFgKFCwFCbgLLFh5pIPXpUnFReulLf8AbHMyKSZHfT6QMmqj+IXBAUjCqoYalYhZ3znBqotw5kDPy3YEwe+OvQe1ebx3Z03o0rIBVlUD/qWoDkDYFQxMyDqYiB3HSapCdWkAEkdBMKAQQCRI5cVE5ydOBMiCQe8Tnbv6VGqEENp2I3yMRvHrQ1Qy4hdVLjVkxqDaQCFbfuYYR8x1qBHUtpdgokTInrnH3+VXLd+5cnVPm1kLltUCWhjJ6HGfUVHxHGMyAfD2LamAIUlh/asAGAc7/ICrjNeQpkRAkEEAycidtPQ5EGT64M4pUddIwCc6iSJAXSeUxtkeu/QVTubMNSrp6EtzHAlMdYnJjNPsOxMBhpgyQJ3AMDVpzI6fer5KqJrdl/hgNZ0sZCXS7DXOELDVqXEtCzsZG0yZ+F4qUfVAuMbh1sqkDWIIbVJMsBgjqAZkRjPdChYbVIMjICczQAZzIhu0ucU48QnwwAG16jq1NKlQkDHlw2RiZ69aznUkNKi1cvsiJrYwVcKdAnUHBYsGjV0kyZIz3qjxhGpgO7biD5jIPtQjrpUQASYZiCQVMRyiZAIJ2kz1ouAEajcQkzK8yke/IATJnBPWaUXQ6IeGADiYjrIkR6jrT/FLiu66AAqrCgFjiTmGyPamOwk6RInqIJHeASBPzjvUfEdBAwN+pyTJOx339qcq7hRe8LvoqMrLLFlg9gAZETncfStF3a+8headI22B2PrqYVi8OMEY+ZEZx1HvkRGK0Ldi5b5rbKxBHkYsR1kCPSJiqT0KiW2zksQ0QV5dJwwLRJiRIDEQelU+OBLjWCQSFDGRswL6VEBZLE6YxqxV3hywRzy6hAUtgnnlhnzCCN89utZdtSSM4DjdxOWUEhZk9Nh0npUWOjQS0pYhBAFsF5JYFlADRqOxuAgD1FRsGBWFhviCBEc2rywfXFNtnRcZQDn4gIIUGAz4kcp8oyJGDGwiHiG9SOYQesZIOOvXeqi9AXrt3vMgZ2PMISekAkD/AJpRfBHMoMdiFP652Pf71jPkSBBnPbM7VZssdEhcjGqVgTO4PoO4jJoTQy87rGQR/un7R6/yaYoVyYCZ2klQuG5ZY7nB3Pv0qC5fYywYiY/NOIIAJHUKY2EZECm2SzYBBmSFnOrA27xn2B7VV+4MsWVCrqzJMYnoAZ1bddq0uGGpYCSdJgjUSDBhuRhzY6g7bVj3bhB6ARMeaJmFlus023fKEHGDMFQQYPUEZpN3saL/ABNtgytBB1Ejf0P5s9RvVu6WuCdYi3oQBUMEkkycYPXbqNpza/Dly3dv2/ihUWcxKCD6zjaneOBFLLbKFFvkKJUwIbru2/ToK5l1D5uBThqypxl2QSTpctBHw1U4jqDKnBx3BMnplohwq7yIAMZIA1DaMxS3LgDwYwQMAAeuOlIirqUnYYOTO2/16eldC3EmtlniLOSNAUhm5QNemNXLKg6gIiRgxO1KbbAKc6iSdM6tOkt17R+hpeJhtUGRJgmJM6hJB9/5FR2n5NJKQIJEKrHM4MfztVL+r7A1oVjOoiJJBMmCJmYJ6TAPsPeotXPqMKJB9AJnG/SKW7dkjO3UCO+THWnfFUsAyrBwxAnBABIBMA7nHU4iBFEtCXbus6kBggdesCe3WaKbxfEojaV20odh+ZA3f1oo0SdJxPgmhVZQCXBBUmShwQeXc9O29UeH8NWR8QsB2C80ZEjUQDkdx17V0F7x20rKgKMsTpVAVBI2JkScDIHbFaA4zhHVGLQxHMAgwZJ5dsfMZI6TXJhWVq5InJKK0mc14h4SkhbXxNWkSLiLbJInUQNZgADbOxzVJ/CLo/6du8wIGv8ApMoncjBMgEHJjaYr0xbPAl1/qWzyzqgyCJgSGMHG3tVTirXDXAwa4uoyCZYcuMNrIMTsNpNY5cs8a3F0bYuM/J5/w/hpTLIwZTzKdyBJJ0xMCDJpfEkt3CzLbVCSThmCidIEAnbPYnmO+K69fB1ZdC/COZUhgxESZDAyegyIzUV7wF5kqy435lJwojOACVEn+Dz4/qMOVyR2ei6pHn6+D3CRiZEgZyucggHGO2Kanhd3zW1nfytmRAIgZ/MD7Gu1fwthp5GAVRJWRE9Rpzqgrud22qvwHg4a5cW4vKCTIhSCXAGJCiJGAB/iupfqWOrM308jjP8ARnMW2Zc7HMdCSs7EifpPWonAH5CI33/zt7V3J4f+pcFu4AkOAdPONJXZhLkEAnSGiJkZIrK4vw6S7GW1BRuWbzoBkHeIwdojvW0OvjL2IlhaObv22UAsmkOsrJ0yskAiekg0wWTE98YIP6be9dFw/Cl7ltyvOrWwyi2ujSS0s4AAAAG+n57S+/wSjla0AdcalBGrlR8CBAKyQdzrHuNY9VBv4iPSZzyWicACRAmY069tyB1mTt1iomtSwAkSYzHUmM4Hz2rpH8LgkEnl06U5oVWaeUwfzFiYgST7VLf8Ns5CWmB1ARM6gSByjTgyQeu8A9apZsbD05HKo5WCI67qGHzBwfY06y5mQxHUaYBn7R8q3eI8HtiWR4GNWRjI9+s/IVXv+G3CC5dIJIBJiY0ggREnInHT2khli/oDxyRmPxFxtmOY3OSc5Pc/81Cpc5HQg+UTI7GPttVrCgJlixE6H3EldOnT5zAg53GKsWvD7yjyXNBGCrBlzmWKqwI3xjcetW2m9E0/Jnc4JbMtJMCJnJxEVItiSJ1Z7jp8vSrVy1cTZi0gqSATyDTAIZBBxv1j6wWLbyMkDGeYgfJc9TsDtVxS8iaGpa6T17HoO3WprvCEL8QkRgCSF6HGczC+5piXVAYnzZ27zP79amvcYrWxb0tOoGZAiA4+fm69q1vHx13IqXL5FdyZ06lAOkmCsAx39NRxUSQTLEdDG0jcgYgfP71Y4i+rRKbKF/KMDqYXLep/+VnvdMxXLb8mtCsyyYAHYTJ3HvOP0ouvBPsP0Bqe14iFAXQDGkiYMFZ6RmZO81P/AP0kAg2kbIPQHKriQJj02EY3NNNUJjLQuDmVGAEEiCSAIJJxt7j61bu8YvwgutZ+KSy6UJwohllZA3GfaIkVnXeJtlpCaQdJgHVB082/c59JqvqXox+YP+KVR72Fk7tLEjIMmfQg7gYGJp1p9iBMdM/f61XDL0MfX/mlNxff0PsO3rVwlQUWjchfXbv13pt3iNbSQNhgKqjaNlAH2z1k1Ve9Pt/jtSFx0NDlbsLNBEMbe2farai0mmVV48xJuKcZg80T02jHXNZlq6qjLkH0UH7kj9P2q4ePe4gtzgMWUDEM0S2dyQAPkKvuJsl+GjZNwDpux2xvHpRVTalrSn7k0joW8VUoJt2tQ/NoWT7wM/OrJ8RtEWv6SArOsjGvPXt8q5Jb1SpxGaUIKCaRnP4mmekNxfBXLiD4OlNB16GIJbpDTgYrIuWOFuG4dV22AJSGDSexkbfOuUXizG9I3GEiJNYZMLapNr7mkGk7pHScBwV3RrscY6y0fD5xPqdJII9xWuX8T4YaFNtw0YQLzRsDCqxNcPw3GFdpq/d8euHSQ7cu3Mce1efm6HI5Wqa+a/lHXDLGt2bx/EnEo39fhAQu4CuI231al6dqfb/HVmCr2GAP5QLbD5wqdc9ayfBfxNctXGfUTq3knNJ4p44t0sblu20ncqpPyMVyvovjqWPXun/Bp6lq7/JsXvxPwd8ozOUZGBA0MgYAEBHcluWD0zj63OANq7yBrTl0lmt3FZg5YkDSWU4IUxByPeeLupwlxVi3pb8xV2z7A4FRcd4RY1hbV5oI3dZg/ID9Kcuii9K0/mrF6r9kdxxPBW7b6UDKQ6rJtuSWYBjlsaJG89eop3hnh/xrTOpFwTiD8Qa1AEjYhcn65mJrhuD4XjUk8LdchTJ0XSo99JIn6Grdr8TcbaBFxFubyblvUwnfmWDv1PyrGfRTdqMk39aZSyryqOkbwksgVNKOzALocHv2WQQcEEyJ+VT3OEuD+m3xFtuWBUMrZB18ojq2/URPpXM8D+Lra2lsvauJpbVqt3XOYMH4bsVMYwT03rR/DvHcPqdjxAYhW0JxCFUJicOG3kYEjfrWM8OaCd3+P7WUskZGgeBC2nhgsmIOoCJggAYEEDMdsGKzOL8GuMivpVVcMTBIbzKsQpAnfpXY2eEt3Qy6IVNI1I6sCNKvKqQp3J39e1VdFsgIl3S2kONYKMVZ+UksIGYG8YGJmsI9Rlj2dmvGDOI46y6Qly2isIUOtpVaRGo6oB3kRPXpVjiCBaUAEF1JAiJCwcPLEnHlxEV1nHcA7/1GRXYHJUawCQBAaTJkHrjcbTUXifhiXk+IUIZQ0AKYnCmQAYHUTHQ43rqh+oSVKSM3ij4Zh3+DDKguW7ZYjkKtpJiAQRbYzAnMdjUV0h1ZlVG0g21ypuFBIK7gkg9881bP4h4AarfEAK2k4Q7sSqjbnxAJPt3zVVPDQupVVs63UqA4jTqmCCBv1XbPSu3H+qRcVfZmbwbOKvcPaDaedBJ339JBmD86ofAE+cR6Cf0x967G54U5MuBcBJMkCV1QxzG8N1xgaR5gNJvDENvlWFPmwGBIUtqkHUDkjaMntXRLrsb21+CFgZwFrg7jEKqk6jy9AYE+Y429aXjuFe2wVl0yJGVMiTkkE+3yrt7FhUQKqnBQaiQ0AMCZBGoHcYj1moL9qWdVCQ1z4fmAuAQANKMZj1OJJk9pj1VvXYHiSOGCkbifnH6ZNSumTKdsCe3eui8a4ccK3wwguKySGfzqWJkMEaFuL6yBO1Zl5w1uNABxnvGqSSTvkDEYArqjkbVrsZOBn6Ac6YEZE/5NNIWfLjtP71PogSQRAG4I9KNB6g/UjJjGMmjm2HEr6VJ2ge/+YppCztj/AMhP1ip/htPIpMDMgmoW4frse1WrfghoQoPb3OaYVI6VoWOFlXZmVdGmVZirNqIEKCDMSCfQ1Se3MwZiNv19qehNEfXOB3iamL2+uo7ZkEE9cEAj69OszUUQNJHWen7065YKgE7ESDHSSJ9RIP0of1FQpu9pI6E4J9xqMUU9fDLjZCOfZGO2P7aKrlIVCaqXXUc0aq6TMm+JQXqHVRqqQsnFyla5UE0TVNDUidblKblVw1LqqeI+ROLlK94mq+qgtSlFFKRf4bjXTysRV1PF7gXRqMHcY/asRWqQNXPLDGW2i1Nm4nEW7kC5bHuMH7EVaTwCzcnRea2egYap+YrnEer/AA98iuTNglXwuv3NoTXlF9fCOL4cF7Lk9/htvHcA5+Yp1v8AFvEIBbvBbiro5HX+xtSiBjcdql4LjSNiR7Gt+3xSXl0X0W4vqM/IgAivMzTcP9WKfzWmbxipdnRB4X+LOFNxWuW3tAfEOpWYjU5BzElu0kDp2rZ4Pi/i3HNni0uo1zmDo2F3Cq2e0bjvXO8T+GOFvE/Ac2m/tMss/wC7I+RrmeN8L4jg31EHB5biEj5hhlfsazhjw5rWNtP2f/f9ypOUNtWj1njgtlUd0dbfUqARGX1QBy5zgz64qtZW3dZF4a+QzEnSSdRUCNIAAjAOBO56jHAcD+MeJRQjNrUdG8x9CeogkZBwa6LgfH+GvXfifCY3NJ0qxCBmAABgNpmAcZJk+lYS6SeNfEr+a/kfqKXY17nD3lLSgDFhMFueAEMgmZ0g5Iz61auW0FuBOoLJ1ENpYIogHITIBAxsKreJeL8VbCPaANuBrSC5Q486sToHMIC4EVrPxfDNYt3eKRrTEQYBAGSMIT2B6dR6CojilJWpL6P/AIKeTi9owr1gaFBwREgRsARv9DjuDGYGNZa/bvEq50i5DIs6Sp/vCiBidxiT036TgQt97gtOGRCpU+UhcgMxYEeZmx6j5rb4VrNws66iSQQw1Nn/AMusxDCdh3o9WeJbQ9T7GSvAl2KaJiNK6VYAMxkBT5idIxMAzVBvCZDll0hUduQ3I5QTDYgDGSDjt0rtfD1DXXhoJZCYCsICOOaRnmZexGB1rkfGrTWgdS2yxBxz83UkhuVx7GI9K6cPVyaSvuTKKt6M/i+BS2lu4i6WCoSWckM7QwlGkHGdIG0SN657i7Nyywt3OQnowKsILCGG6nJ3713SojlGYKwQ8Mp1K8KUtZgiXUyTMQQR+bcU/wASBWKYTSFYwXN3JYjlmBEIuQBO9eouqcaX7mHCzF4XhHeyGQ4GuSFBwGYie3ue/Wq1vgNLsWRCyhmlxqUlQ2IDAMCfecb7Ho/A2AtEACIuA+UADJ6ZU4wIg1j3LlwKcNGG1Q5BBA2LdOZdu4rrx9a5rg0teRPHFbKvG2w0NcAdyqS2osTCgDPsAI6RHSqHFeGP8NrgQhQ4QtMQ3VYJ33q3duBiCegUGRHQZ2+c0nGCU1W0YlrjBG06kIBEw/mJEjDRvMZq3Okv3M5KzFfhWUbyB7fXPSpl4UsrNqVSuNJnU5MmV0oQMQMkdKttxNyAwDRb1FyRs1wBSSRGgHAz194qsh1AEwMhR1n5gVvFwl2tfcx4tdxLdpoH9Qj0gYoqT/Rt/DRWnw/+oXFmTNE0lFIyHTRNNpaF3Ex00TTaWrEOpZps0TSGOmiabNE1Muw0O1U8NUYNPFSWiRXqdL0VVBp6tWUlZomaFm/3z861uE4xQRyD/wDR/grnkf8AkCrFm9p2rly4VJGsZ0ddY8VCtMEj/d+pBp/FeJq5yRB3DTt2yP8AFcuOKO8mmtxJ7muJdDDlyS2a+tKqNrxDwmw41W+U/wDbMH7VzXE8K9swQY9f8d60rXEt3NXrL6gVcSDvNa7gqexakzG4bxi6kf1GIEYLNEDpvgelde3j1nirAt3rjI6kkAKJDQRvEOpkTsfTrXMcd4PMtb+kyfljNY5wYYEe+Kyngx5aktNewKUo6Z2bhrZ/oO/wwQCxlCSc7HSSIHbce1egeDeNJftoLmm4FwZIVw2CY1Yb6jevHuC8QCkLcBZdpBh1/wDb2P16V3XEX7V+xbZ7jEzy3BJxI1oxONQkmGg49RXF1EZY6S8+av8AJpBKSOx4iwtwN8BgHjmUjS4WQ0KMFhgZBImud8X8OvMSLiqJRBso5YMwWPKZaNxMH2q5Y4rhmsJ8N2KqVElSXliQCBuDIb/G0VpHxAo5tcRN1ACJiWE9W2LGBHQ+9cMHDk7VP38fjwbJSr4d/Lyctx/B3Lxt5FtxoOl9gVzqDMJaGLbT+2V454bd1BiCSRJ0qSoaSSNW7RMSZMASTM123G+H22ttxFptSgEQp0wJ6QPNB2IBztFU+AsqjMznUrrqA0lwWkAiCJnTJnat1PJB02q7k6av7HHeG2ri6Q4MG3chiJxBJGoZ2O20gztWhxXCK0FFIJLam2DkGeZZ0znYiYzJxW83hVpDbbW5coWCeYKPNpDaRj96z/GOIVDbUAlhqJ1ZgEzAMZkddsY3q/8A6Pi15KjBNCcL4ZauWrrKFLAENbcSrIAHhCkFHy0Fc74rK4jwW5ZQPbFxrbEsirpuaC2dDA5VoG8CYGd62/BfEAtu6CU1M0gEqUM2zpQz6ofTNWOI4j4vD6GRGIJ0BdJMAxpWeVt959Pbqx9U46oiWK2cXxf4fu3LZuMjkyBqm2E0+okMD6Vgtat2Cyi5LYnqu042nfrXoHiFsfDRYuYEEIjORECCqMM5+1ReIOVcqLzqMwDAUABYCkiWGSJP9vXeu7F1jb2vpoyyYUcZa8bdAFVyANoBG+aK2LvGuCYvA/Oit/Wx/wC1E8X7nDxRFE0TXocWebaClAo+dLI71rCK8ichdNJpNGv0pC9U1H3FbHRTgo71Fqo1Uc4rwFNkpC96SRUc0VEsi9kNR+ZIIp4qCaeDWcpp+DSKokmnq1RTTles3s1TLCPT1b+SKrax2+9Lq9KiUBplrWO9Af1qsGo1VHEqy9buRV7h+Ijb/P71jK1To8VlPGmXGRupxhBkGP561D4kgv8AOQWeIIAEe8D/ABWcL0VInGEHFc7w07iXzvTM+5w7IJIxt/Iq34b4k9k45lPmQ+Vv2PZhkUcYS4noTJxt03rORCDFJx5KpAnxej0zgeORlW7ZYm3q2MBlYA8jwDI5sHYzXS8HdtMC763fQAYBZ2CwPKvm3Hr2ryHw3i7ll9SHtqBEqwnysOo6fM13XAcTyLdtZQmCpMlG3KN37g9R6zXh9X0vB2no7cc+S1pnavw6KguWH0NjMyGByFddmEdxWbd4deJLNpCXVE6QeVoPmUnfqfn6E1l8P4gbclLYbW45ebVrlmLSSemMCI39ekstb4m2G0rETqXMEdVaBBBOa4rljW9ona79/cyOGuoX0HBgiSdm1BRnr3gjE71Q8S4VLjYMt+YgRMcsxJzjv0FanHcIysPiQGPkf8rxmG7N+vrUnA8AWXCwxYjOMFSx9NjTin/VE6Fx48rOV4DgyLjtJgKehI2kMV/OAYxWpZsKbQ1aSuTJJtr5xtEaDJHrWpw9o2GUaQsMNbHfT2zAgSO2J3qa3Yt620sOYf1FYBjIaZKljnpP07Vcsz7kXWjPueHo/wANGZkEQulo/t5Zmdtj6etc345ZFzU1on4ilxcU8usKdkJiWUZKMJjIkRPReL8eusKqKwUnzoZBBHlAiAI+1UPElVjecqx/6Y5gDElmFsjSQG3h8YjOZPV0eaUWnIjIuS0cnbuug06bmJ2JHWitbirdlGK3bNkuIBLPdtMcCNSDAMRkb79aK9+oP/KOT4jzWaJptFenbPNocKWmUtVETHUUlFFgLRNJRRYCzSGlmkmpkUgFSVGDT6gpDhSimUs0iiSPX7UvzpoNLNHIpDtVIDQDQKkY9alWohUgPrUsaHA1MgqNSKtWQDWU3RpFFmxaDCDTb/hxXnmfZcT0+UxVrhwKuM+IGnO8mR2ODjauDJNp6NoxTRiJb+owa2/A+L+C8PPw3gXB6dGEdVOR8x1rJ4nSr9fcYHyH0ot8RGxrHLHmqfY0hpnfJaKEMdhzAAyGkYO5BBBrZs+K27cBQdJkEKNiQssc+m371zHgnHfEs6SZNv7of2M/KK1rN6GV7Y2jUqluacSyqCW9h614eTG1JxaO1JTidlf4RLhRXWQUH5W+56VYtXbdlFDHy6pJ7jO+21ZHh/iauUCkjTIzJ5TEcxAnp6+9R8Yr3Vwx0nUImBBMAwMfap6fJLE3+Dk9KUqjJ6/yX/EOP4e7b1NpkkwJz9j/ACa5m7wlh2LgNicEkjM9NO3zq54Ybl11sufK3XJ2wxPQE/ztPc8IL3tBGCmqd4IHqYjYHHU10SWTM1KK29aNY8cVxb+ffwc14lw1m2GdrsSSAFSTswgLviftvVTjvHeHKXApdpFsCY8oU6l5jO8Q2CAo7mdP8QeDEMXtoJUY5N4kFgGwoEDvEgjaa4fj1ZrhfVLHMjckiMjv3ro6ZRa29kzk327HeXOMKkqvHWLYBICXLal19CZEjtjaN96KbaFwgZ4c/wDkoDD/ALTgbbbDalro9eJlxZ4hSxRRX055IAUUUVS7EhNE0UUALRRRQMKQmiipkCFFOFFFSWhRS0UVLKQ4GlmiikMUGlmiikAoNKDRRQUiVGq3ZekorKZpEuJdqT/Ud5oorllFGyI+MukrmMe+PlWQl7tRRS4qhN7Ol/C3GabwB/OpHuMEg+kA/aup4chHKS0Bsf4O+8GiivH61Ll9v5O/B2IRxxF1dBhBGnv6ztn/AIrsvCuI+LaIMEiPYgn96KK4s8VSNZbi/qP4rh/hEX1nkK6hJypOcg75Nb7AQL6Z5THSQyggH/cQf9xoorq/TW6n8jzs+6s424SSzgBFAkBcAsSeg6Zj5CuQ420bVz4hUGGMDl3BIEggjBHbpRRXN08m5uzrklSKtzx5yeZEJxkiTgQJJ3xRRRXpenH2Ofkz/9k=', 'aditya123', 1, 'Trip to Mumbai', 'Mumbai, Maharashtra', '2022-08-16 19:44:32', 'https://res.cloudinary.com/dbcpdiy45/image/upload/v1659714933/twpnwjkfdbh7zuemmon6.jpg');
INSERT INTO `post` (`id`, `post_text`, `post_images`, `username`, `userid`, `post_title`, `location`, `date`, `userimage`) VALUES
(7, 'There are many variations of passages of Lorem Ipsum available, but the majority have suffered alteration in some form, by injected humour, or randomised words which don\'t look even slightly believable. If you are going to use a passage of Lorem Ipsum, you need to be sure there isn\'t anything embarrassing hidden in the middle of text', 'data:image/jpeg;base64,/9j/4AAQSkZJRgABAQAAAQABAAD/2wCEAAoHCBYWFRgVFRYYGRgaHRweGhocHRwcHB4cHRocHBweGh4fIS4lHh4rIRocJzgnLS8xNTU1HCQ7QDs0Py40NTEBDAwMEA8QHxISHzYrJCs0NDQ0NDQ0NDQ0NDQ0NDQ0NDQ0NDQ0NDQ0NDQ0NDQ0NDQ0NDQ0NDQ0NDQ0NDQ0NDQ0NP/AABEIAK8BIAMBIgACEQEDEQH/xAAbAAACAwEBAQAAAAAAAAAAAAADBQIEBgEAB//EAEIQAAIBAgQDBQYFAQYEBwEAAAECEQAhAwQSMUFRYQUicYGREzKhscHwBhRC0eFSFWKCkqLxI3KywjNDg5Oj0uI0/8QAGAEBAQEBAQAAAAAAAAAAAAAAAAECAwT/xAAmEQACAgICAgEEAwEAAAAAAAAAAQIREiExQQNREyJhcZFSgdFC/9oADAMBAAIRAxEAPwDSIaOlV0NHSubOhYWiLQloq1ChBUhUVqQoCYqQqANSFATFdFRBrooCYqQNQFdoCYNSmhzUgaAnXaiDXRQEq6KiK7NASrwqM12aAlXaiDXZoCU10GozXRQEq9XJrs0B0V4VyvUBKu1Ga8DQhKu1ya9NAdrlemvTQHqiTXia4TUFHz9M3R8LOVklzDXE/P1q0mYHE+EQb8vGtENUmcFHXNVkEzYHE/D5b0Zc4ODW++d6WU1q5oUQZoc6yX5wcCdqMM4u2o1LQNSMyKmMxWWHaKBQAxnn4VMdoDnfeeXpS0DUDMV1MyDt4VnFzZItJqxk8J2VtIJaSYteeXM0sUPRj1IY9Zn8/eOPLwoiZ+eI9aWDR/mBXRmBWf8Az5PKB1NeGc5x60sGiGYFdXHFZ580OYrv5pf6qWDQ+3FdGOKzf5oHY+s0QZzk00sGjGKK77YVnRnuGqiYebO8+ZpaA/8AbCujGFZ/86RxFTTtA/1DwpZB+MQVLWKRDOk8amM4edLKOvaCve1FJhnTUhm+lAOBiDnUvaClAxzwrvtmoBvrFeDilQxGr3tm60FjbX1r2qlIxmoi4jcj6UFjPX1rmvrS72jcqj7RqAYl6iXpTiZyBuKgc51FAfJxny6lCCIJgg7c+E0fJs43NhsaRHFgxqMz9asB221ffrWWzKkPEzVyCw0ncRy4kxVj2aW0ztuGkUhRm6+lWUxXIguQLQb/AE4VGy2h0mWUkQ4EkCSRE23vRhkl4uo8xVDsnC/4ya21Dj8P1UBEK4rAQYdrFZFieVTIqr0MvZoP/MUj/mE/GoMUmzmONxbqOdU81gMcbEVQJDP3UsARuB+3pVrIYaA6XUsSYaSfdjgZseMjpVRV+BvhQAANo9av5HNaWF6VPlVCIyvN9JBN9pBseVFymBcEt/1fvRs0kN/xDkwXV0IBdZbqRafMRS3Dyw3JHAcSN4mmnbqpOGJMgTYmCvekG/OKUaAuYCK+pIDQSJGpZAYeg/aaxbFbJFEUmWS/WPrRDhruCBIkEzSDOsmtg1++4km4hr1xMRdSgM1yABPhzFLZLHsrcFl+lCLjfX8CKW9o4oVzqnVpSSAIMop4dCKAubB2B/irbI2N3xJHvr5yPpUsLBkXYCORtSoZgkSAZP3youC7zADSdomfTjTZBpihEAYknlEXq1ghGAaLGk41sYAJmm2VysgK8CeUyJ+dVWaQcInIVGBMDTP3zqjiZVkZlGo73EEHqpJqK5ZgZAv4RNLAwKtG94+PjFC1uOniajpfbUBXsPKaiZdr/wBIomGj35t5iTPjNGTMGbz1/aiYfZ3IHzgf91WlyDRICz6UtkoNk2YlQACeR286aLhYnEJ9+FLcHRglXxWOozA0mAYvfzjzruc/EqI0aTHGbHyrV0tih8FtBAqJwV5Cs+34uwY7quT5RtYm/OqWL+J3dfcAHeG5E2sf4+NMkB52viKi2B1HbePOkzZtuLx8KXHtglQpSCNyLTflFVHzU3NRyAz/ADvN2PrUTnRtqbfzpR7cTyFc9uOlLIN8TPIoA1T13ig5jPrEat6UPj/cfYrhcwSBtv0qkMoOzjNyd+UVfTKnYExwFMk7Pw5Mvin/AJcJ/wBjV/L9nYUbZo/+mQP+isttm8YiVMqeN/IRTHDQDbDT0tTVezMPhh5g+SD5gUZOx1P/AJWY/wA+EPrWGn6NKkL8u6zGhFFriQfs/Sp5lh7R5RB327yzqjUYMVfxezVw4YI6kmJZ0I+HhvVjtXs1E14oQyzTIfVdjJ7o8fjVplFWfYDFd9K85FmuA1xVLE7PDOHDsDwX9NjenfbWWUIMSAGxABdjJHs5PdIt7v3NUNF1gnc/BjWo2kZI4WUGrTrkqwaNo2U+NoFWMTGVYm5gWAH7V1EHtGIJnkQI3Ewfveq2bRda6pmBHL3RVBb0h1MGAZvCzaOlWux8phu5dmYwFUQIlhIGoDo3yqvksPuH/H8hV/sJEAIhiNSxJ/VaDI3FZZUxJm+zULvIY99z7rcTt5V5MgiwQjyIgkNFuprWf2UqB2xAz6iWJ7zwD+lQLgDwqvjYmEuG6ooBgxKn4k3pT9jnoSZnLhmn2ZJKpMCf0AbjpFSwuzTNsNh/hYfStBlM8qIisLwNtum5rPdt5vNPiTguUwxGkCxNrlombzY0peyb9BsHLHZcN/8AL+8UDt1mw0IKEHuNMLYFrTBPEEVYzPa2O2Aqlgjz3sRTpkcItYzWI7TxnZmLOWuIM6pk342pQbaNMvaLujEMqhptp5cmF+Hxqrl+0XVhJB6kk9Odx98Kz65qCsk2BFjzq0uPqjTN5E8jHhf+DWcqClFml/toezdWhmkez0jY8SZMRHDwpgnbGVCp/wAMuxjVciG42LEc+NYg48bny+VRXNsh1K0age8NwPPjW3YlXR9CH4iyqgEYXGD3UkeMmq7/AIuYN3MBdImxMMbwCCBA8L+NYPK42lpB38qv4WYO4I9IPzrnKUkZNnkvxlM+0wyOWi/kSTfxr2f/ABadA9kuljxeCIjYedZFsy0zpkEefqNqG2aDWg8p8OdqmcmBx2j28+ME1kKyz7pIBNiCRO9vjVHNZsuZdyzQACSSY4XO9L8RmJNyOoigpmLETtt9a0nJrkljTDxlW/Q8Oex+7V72821b0pR2PeAA5X5chRFxecjrR2SxkpO8mIvUjiGJk/fUUvObAiCT9/GiJnBFjB5fdqlsui77WR9/Cgu44/xQV7RBgG5qGYzEkGBHpSLd0Cb5gqbWnx+lQOeaCCxgjY3B9ar4maBsKC2Pwt0411TJSHT9rmGZXLaZkKx/j51VyP4qDnS7Om99TEfA1kcSYYhjMkG8A+NQy0ibrcER4iLWq4quTfyb4N6e38OD/wAV5HCWnym3Xeq+L2wCRDtPmayWFg6T3pvtF/Wj4mBN9XK0QfIA1zbSdWPkZr8PNs6qurvC4I49GHE/fiyy2fYoUadxbleZHSsPl8b2Z7rMR1P39imuH2gxK6sTSxkAlBzmJBjl8Kq8irYys2ucdHQI07KdhYgRz3pf+VS3ee1/08550q9piHfEY+Cx9Kr4yYpB04jA9QI9LVPmh7GvZoAiBi+pp8v36ULGwMPFJkEsOMi0iBA8qz3scUTrckcxCgeO8ifnR8qpA0s7q52I0hXPQgCDvafWkfLB8MJ2aTLYaKunSeZ70Cf8tTy2eTCsiqJI3ab8IB42rNKhV9OK73MAhjtw1RBF5qWJlNHeYNiIf77xfleD4EVu1yWzYt+InA/QPX96XZ7tbXGo4YPMEg+feg+dZw5TDZZQahxBVQ4F5kCJ2gRVcLg6dGjpcmfM7z41iXkS6Jx2aDM5pYU+1UQIMOBsTwnlFUfzSCT7f/XqHxmqDYgWwQDluar42O3BhPKaypr0PkQXtftTSFGGQxMyeg4ef0rPtj/e9Ws0QRLnjbeaqDDDSFJJ4TXRNNbOcpWwXtIP1qxhZqBtP70NcvbiDfcW25/e9CCcyBHp5RVaVDaL3dc6pIJ5bT0rnsWA7w5wb38PWgYZgGGA8AfrU/7RcroJnxv6TWPq64FkVci81aw85aBM29KokhjafW3rwFSfAYAtaBvB26mtPF8ksYDPDVABjnMfS1GbF3NyR1pYmIRGoG+3OKliO4lfsiflWHFdFUhumKI1QOM8jwNvMVwhf7u1rwCPA0ofHIUCbDfz2++tewc7G9FCXRUxkzlbkSPI1Zwcg2IhdSBAJgkSYuYH30mlqZoKATPkY+96s4OYUHUS45FSSR5WHxrSi0aUdnUMAST5gEHzmprh6dgCORHD40AZiJPoSPu1SxMe46i3XrXNt3RKRDFwyNlI8L+FeQtAM26/f3FEfHsAZB8LXEi/Chh5Eg+IsZq5PtEoFjpsQPT50Fgf5mj4ogcj5EVUxnA3ueEfWtxdojFksCSI34ePHjQ1DEkiuPiEEgiN+FemPnXRGSyjGIZoHqasYDKCJYH4fSlrNej4aBogwfhWZRKuS8+CbSQQdrn4Wq12dhXVXYASDebeHEH96rjLCPfMgTHlyr2FiXEn6VxntUi8M1OUVUXSrOw3kyx+Nex11MpHtAR0gRx/Vc0pxM4zqArEEb/3h47g01bNIi3cWHME/wC9eOVp3Wy39itmu00TEgtiDTZlAWDNxJN6JgYmG6zczaC2/EwI26TSXtDBTEcOrgBiJ31CBBPwqiVCsQG1AGxEi/OOFd1BNKtP8Czb5fGAEFA6HcTLDwJiY5G/I8Ks4Dui68B1ZDI9mbqdiRG8gA9d6y2Uzzkgk2sDpiem9ifGnmGyo5PfBkajK3BAMMum9jHMcOuoyd7/AGdLtbGK4ODmSfZn2GMI7hNmNz3D4g2+VVMxlijaMyt9hiADUBG5kGbjerr9kDFQYinDAF+6X1W4RHvfGmeQy742XKnETEidPdnEUarDvMOAIva25ruk2Z4Mvi5UAEowcDcqokeIUSPThVLFw0b3g5PiAPI1pE7AVGL68VCQob/w1F5AkFmi871dyH4fwXdgXxNYJn3CpsJOpU5MN43rL8T9mbswXa2XLKCJkbAtJjjH3wpImsAtcRblevoHbXYD4L9xyVbg0fNSbdbUmzPY1iSw4d0M3mdgPjwrUViqbJjYgy7l7NeNj/NGy6ISVI3BvxmIB6Uz/sWAxUFrSvdff+m9uG/Wk+cwwjlZkQIiOPPeKkk3pMNNFRLe98N6nqSfdjzP7110DfqVecjjFtrmiZbLJpJd4bhAY+sLHXetv2RKz2DZbQZ48fSio82B/bzo2WTCSSxdxGwWN4vdhUGfCJEh1QsZgAkLuAATzn+a51ZcTmIGZgI2kCTaefjwoeYw4I70DkbfI1LMYqt7t/QfCJrmBh6yq6W333EW35DvDluKuLQonh4UzN+ZE38Y8ai+CqC471iDJt5WqCZzSYBgdKKMcMCxB4AngTuPOxq20tlItjORrYEjidx511McmCoNuAv4cNqigIMXIIieRIIobYUcB5XpFrhhNojj4jMZg+lqijXuDRhisBcz4VJc2RYyR1PDjRt8JEZ182JtPDapo6gSNzz4dKqMQTIP7GuEcZimKaopb9oSpEjgb/Q8Kp4uH1FcxMcige253rUYtEbJ+x1kjiDy68q7i5AqA7a9J2OmB6yapvm3LE6jM7zB+FGbMsQNTExa5J9J2o7QtFzDyuGWB3XkT0vOxjzr35VQzhbFZPe5XI+EV7CzjBYUIBck6F1Ry1fxVd8ZjALEhdpjYmfOsLL2LSDhhAI34zvXcNhxqKZdmjuwDxJt58qk+VcKDEXixXp1qXHiwguDjwYBHxjzo2IiuAxYgzEgbjwpS7EMQd6vZIxp1cTa+mD48/3qSgkskEybdnQGYuohrzNhtNgZm3xr2WGGC2t9UxGlXMRwm1WMfG0MzAE+MEDYEGPGiZHtgEw6iLbDa1Zc3V1ZpUeyuMinuo7cYCSPi1Nuzc2xdhihsNCUKllUwylYBYzC9340VHDJqw4Mju8p2vVBc46uUfvTAICiBM8ONorivK220v8ATV0aXF9phPrRpHGYFuRiLdaJi9p4BKukYeKSwJTEUd4CWDTII4zvek+J2WrqSyDSI96w6elAxOyDhjXGHp5Lo134jSCSK3Hy0rVh1fA6zGaxGTXrYrbvawQRPQeW9Q7JzeC7aMVyjQN50yZtqBtEfGlGA4TvI6tP6CRpby3BPPpxpoMLCx5GnS4F1Pvf/peo+G1dY+TLh/0KvgsdtZXHwjqQakttJEX33k3HLa1KcHNh2OtyrcVMATuYPA9d6YZbtDHyw0ONad7unbiYUnmeF6YN2Zls2pbBMMJBQ2Ihiu3AEqfhtWk0+P0Y2mZDtDGzCEgJCmR3m1KZ2iAI8N6T/lWY+6oJOyz8v2rZYmDi5clXXWnFW8HO/UlecxXjk8HEJ9jpDXJRuEBZjl7wuJF6y5taSK4uXZnch2I7tE6QI1E8unM9K7n+x3wX0ORMAhhMFTsQfu4qz2rhOjqurS0GxJHKIIItR0DOg1DUAWCmDJXUeMkm88SN6y5PFPsYfTYrwMNEJLjUJWRvIBm/S1Xvz2F+nLqfBAeLczyaKr5tGSLEEnY24HzoAxmPLrJN/wB63Fto6Qjq2Mf7XIPcwT07iL/SfmP9VQHbOMZGgxEXdQIgj+nlNLmxDv3R5H6/d6MmG58OB7q1ps2or2Z9zDGxAm494j5TWr7O7YwxhexZU9mVKklTMHdoAPfG4M7gVWXsU4neUzxYtA8bzcfz0q7luycRSAz4MTdeAvEd3qAIBG5rbdo5qNN2Zl8UBiA2oAmDESOcTaeVeXH9Kd4nYSG74yA791DxWRueh+FefsbBCtody36bAKYYGD/hMeR5xUxRjGVilsJpNwPGhYuA07eW0TG3SiZiQ7CP1ED1gARWg7N7NwXwwMTECuw5xoPJgTPC/wBmsq0TGzLrguJEfEVAIT5VcxcGGYagdJIImbixvx2ob4oJuBVU+yUVXwrb0DEWONXsZeWxPp0qq7DiLjhvW4yshVxk71o4/OipgixJ9OB60B9zvufSiFyREH0o0yBlxItuLj5TXXtBnyoSJz35V7FUmpjsFlM2Raf96m+bYwpO0daokVbyqLIYmSOEDfxJrMoRjtoDHD7O1y6+8BOkEX5kA2+PDaaWnFZSRcEG87jgRfamYzSqQTIPA7Xqpm8RWcuBcmb38vC1coSk3UlooXAVys6gAetyOM2rj5URKkeunflPymqDYx9au5UMdJBg3uZuIM224RSSa2LHPZGpGYOCFa63BAjnHHao+xJd2ewPBSTyi8W4VTwIdtOkQNuYJnjOxgHjvTZkZk0M0rERCxHpXGTinbOmSovIMQlVRToFtm8BB/equdyjYTe30uSeBaV2ibTFuH7VGW2OIYFgATEeEkUn7VYagoAJj59Y+XKpDFukHJA8zmtT64Cydp28fsTTLA7QU++0NbSwF1N76hekDoIubztyo6OAYAiOvGu7itUZUjb5PtbCIjEnU8BmKnTayljMC3IReiZjJFGD4EzY2IBgGRp4MJNZrJu1gwEGbkjhv4zTLKZx8D3TqTc4Z/7I2PTasZpun+zWSemP8h+JgyjDzi3AP/Eg/pRdRI3mSdt461PtL8PgjXgnUCGgrvDWNhubDb0qliJg5lCVu0QQBDeDD+fOg4OZx8sRpul+7upJIPkbGul/y/YaaE3bOtivtRLjVDXBILSASIBjYR1qOFcKod0gXGo33uZN96vfiftVMdsN0TSRrDDqHgGRvMUr7PxC7OrhWgwsiIEhdxfz5+ldYpUdIvVjHD7KUkGTK7R/tej5nIqqS+pVO5mD5AXNVcFnwzKPMH3SZNuR2bwselHznbC4mC6vIcqQLGATxEbEeFTZrQdMrlMRNGGF1gE4diWYgSVYRJkTHEGOoK7KuSdKRYwV0rYi2xuKF2UFLopxHCk967rA0njPh57U1zXYmWQm4G2zsx8xvS/YquBdmcRmurC2obMNogWMb14MP16t9pUW1qeXFdQPiDQsllVJYODpWTAiSNUD4fOmydnAD/wh/if6CaULQqdUP9XD9TET3uAteV/y1X/LIFIKajvq4jbjN9jva5p/lMNXnQ2DYwdMPHjBHxoee1KrKWkFZFgs3j7mgszOYwQGPeKGfdcECZ4MB8wPGiYaNuMRdQ2GnXz2JF9h602x1dx30Eb3lgI56RS7DwVDxpXfYC3KqyKNMpZ/2zOzYp1ODpMxI07C3Sl2I3r6U3PZ0GdRHhAPwJ+VTfLp+qDPO5+AFFRycWI8RzVfEfnT04GENlny/wDsTXC6j3Vj4fICtLRnEz4F786toTpkA/fShHLEklYI5C5iiJikWmDyo3fBgErk8yaliXAnevIgLEbR98atfl0IBLnrb5VJSSYKwW0VNe7/ABVh8oAsqdUHpBHjNVsReBsfCikpCgq4rH9IJHS0eFSzGEzDWF34C/3c0I4hUd36ftXBmWmZrOLu0VAXmbiKuZHGYGBJHQxt8K42akQbjYg1XRoBuaslapoUOMphj2oNgCP07TB9KbkAGs1ksz3167x1qx2nnnB0qSAADPjXjn4pSkkLHGLnUUwx9L0n7TxpciFPEGNxuL0sDnc0ww8qWVCsEmQT9+EV0j4o+N22AEncW/2q1kkJMTuD1ipvlIYKLkybXkDTbnM1ey2HoHegcRPCrKf06LQcBgmkX9duHGq2Di4yzN162AFXMrmkadblOXd1T/lNHfOYAFvaMeHdCj41yjCe9cmlB8g1mQ+G+lhsy38jwIp1lO2FaMPHARjYE+437HpSN+10X3cEH/mcg+gkUDJfiBA+l8FNNth3heNz73hXWHjmueDcVXZb/EeXVHQLsVmLWudqVYsImI6NMwDB91iwkfGr/wCKs4j4iaDICDa3E2j0pJhvCYnUqf8A5Aa9EVUSui1+HswUfQfcf4MNiPl6UUZoPrBUDQYEX1AWMzxv8fOqfZ2YAfDXiWXlwafWjplmRmJ2YEgieLKR1FaaCeyxhKoBIVZvB0i3hV1wiafaYkE8BJgTEsALDzqir90258Z5Cq/aGJLusW59ZiPhXNbOj0OsosM8bacM+Mn96XdrdrNjti4aMVRAZj9ZBAMn+iZtx342Zdn21eGAP9UUkTDwY7lxsxBO3Kz+daRjsW5JX1gIxVhMMDEQpbceFa3BzbYmCHYCSiT4+0YExwmAfOkq4OF7yEyJFo/pPVqb5D/+dQOISP8A3H/YUYKGPjlseZMh9P8AhJ28IPxqav37Dl92qa+wGJAkuSGk3GqdpEXHOKAjmWPIfT+KjNrk8rOQJuBz2HGJMVB8NjxQeHe+U1RbNPHdCz4CfjXnbFae8Yi3Dx2okZk0WnweJY+Sx8yPlVd9A3P+ofIL9aqvg7lm4RvQ2RBxmBHlW6MOSBSC5uescxQ8WzSTM8aH7J2YkK25uAaKMo53A82UfCZqVRxpsjqvNFTEAH80ROz2PEeWo/SjDssnifQD5mjplxZWOYIEA+P8dKE+KTxponZSjc+RP7CjLkk4BY/xEeYZjUSSLgxH7TnUsME+6CfAU/XL4YGw8go+lFDJyJ8SatmlD7iD2D/0keNvnRhkXYR3R0kk/wCkGnftANkA8v3qDZ8/1jyqW2awRWyWSdBcMT4WHrBo2YymqzCP8QE+MA0N82epoD4x5HzI+lZ+NOWQxiuiwcmg30C0R3j8zRPaqAAGPkqqPlVNVc8K8EPFl9R9JNaxj2K9Fh8ccmPiTQhjAbKB5V1cP+9P/KCfjaothqNwfgD9aukGmeOYPP0/iuBiePrUjpiRFr8SfnFVnxRsPlUyvgyw7KRwn76UJkaRIjkRAI9TURnAFJidtyd6jiZ4kKVRRO8D96sW+ypJoO6lgRc/dqrwIiSa7iZhz+o+sfKpDCY0Vm3QFO6QRYjY0wyWYYqysSbyJ4cLdLC3SgflDE/Q/Wp5cgNE3tP0rT4InsvBu6fvjRsx2kiPbDDQSGY91iZ4FQNuszVSe7BP3NVsx3mYjYkn1JNc0jpJo0GE504p4yv+ksb1j8k+lWU8YHpNPUzTd4AEhtUiOJBA8pNVMDKIBDgk9DceVVyUVs5S07BYCMiDEPuuGVb3kGLjyNP8tiBcHDHGEPkHc/UVSVMMwmgBetiDznjtXcHLKQB7SYsJJiOXTwrHyxf2LGXspYL99Sf0n/amHZSB8QJzMbdDTLJ9hBrmAPWfCn+R7Lwk91BPPj60lKPR0V8i4fhtHmCUYAd4CN5632pNnfw5iITq76iTqB4dQTPpNb1e7YAVwvWMmJRTPl/5VOF64cIf0j0rc9p9j4TyxHs2/qED1GxrGZ9BhNBdHHNSCfMcKVJ8M4yg0L0xEvKyeFFws0BsonhED6VQO9EUGvS0Sy8+PInVflB+dQ9r1oWGnWaOmBWTStnPaVINRDhBRJ8d/wBhQDnMLnJ2sDuPGgeiZPWvK1APaCkqApGq0zETbYdasxbjYwfp8KtD8BFXDglywN4AEgnx4VBQmjWuwkNqMBTNtuBHXnXGWq2SzAXE7wlH7rjmD+371KtC6ewr4+GL6kHgpb5zUH7QQROsk8oUfChdp9lezxDhm4AlT/da4nrw8qA2GtpIsANjRJMN0wzZxdWkYYJ5sS1RGecsQAqxOwHDxoftEF4JPpXBjcQo871dEcz35nEZTLNPC8D4V4TAmZ5/e9e9ueg8BQ8RidzU0zEp2GTEPOK6rX3tVQGio1RxM2WA6RsfDau/mBFkHnQdU1GaWMmTOIenp9at5TOAGCLct48OlUq4DFxatJhSaZpF0kSDaotlUN4vz40iy+bbDPMcq0GVzIcSLUOyaZBMmo/qPjUjgxsKtFwKG2ewxufgf2rNl5KGNmdJgATz/aqeJqHeFxx4x6cKHnM6Xa/Dla1RXEgRAvxFjXOS3Zyb2HxszHdPAffhVc4sm1hymh4qkCxJA+7UJYqqMa0Zs2X4e7YCyjnugSDBMRwgXNOj2+sEphYrgcdOkerVhMg2htQNwZG/pWu7H7YDDS9mJtAMfe9cljF0d4T1RTxvxZi+6qANf3pLb8B3QQARtO1U8ftbNPvi6eiAD4i/xrSdp9nYeKO+BPMC9ZftDJYmFN9S8CY1Dz/V53ro0/8AkknJFHFwmYy7u/iSfmTUFwVGwoqa2Eqk23LAfC9QxMvibkqBPIk+d/lUUZvk57P/2Q==', 'ayushi1407', 2, 'Trip to Agra.', 'Agra', '2022-08-16 19:50:55', 'https://res.cloudinary.com/dbcpdiy45/image/upload/v1659974434/avclhfc7zlujfzyblozt.png'),
(8, 'The standard chunk of Lorem Ipsum used since the 1500s is reproduced below for those interested. Sections 1.10.32 and 1.10.33 from \"de Finibus Bonorum et Malorum\" by Cicero are also reproduced in their exact original form, accompanied by English versions from the 1914 translation by H. Rackham.', 'data:image/jpeg;base64,/9j/4AAQSkZJRgABAQAAAQABAAD/2wCEAAoHCBUVFBgVFRUZGRgaGyIcGxobGhwdIRoaGxsdIRshGxscIS0kHR0qIR0bJjcmKi4xNDQ0HyM6PzoyPi0zNDEBCwsLEA8QHxISHzYqJCozMzwzMzMzMzMzMzMzMzMzMzMzNTMzMzMzMzMzMzMzMzMzMzMzMzMzMzMzMzMzMzMzM//AABEIALEBHAMBIgACEQEDEQH/xAAbAAACAwEBAQAAAAAAAAAAAAAEBQACAwYBB//EAEMQAAIBAwIEAwUFBgQEBgMAAAECEQADIRIxBAVBUSJhcRMygZGhBkKxwfAUIzNSctFisuHxFYKiwjRzg5KzwwcW0v/EABkBAAMBAQEAAAAAAAAAAAAAAAECAwAEBf/EACgRAAICAgICAgEDBQAAAAAAAAABAhEhMQMSQVETYTJCcYEEFCJSsf/aAAwDAQACEQMRAD8A6qak0vfmSDf+/wCFef8AFLfeu6znGJNSaXHmSd6n/ErfehZhhNeTQA5lb2k16OYW+9GzWHTUmg141Dsah41B1rWEMmvJoT9tTvU/a071rMFTUJoQ8an81eDjU/mrWYMmvKGbikHWp+1p3rWAIJryaHPFL3rxuLQferdjBE1JoT9uTMsI3+EDf4zUHG2/5x86NmoKmpNCvxqATqHYevSo/Fp0YT+ooWagqak0KeKTHjHzqw4le9GzG81JrH269xU9sO9azG01JrH269xXoujvQsxpXs1j7Ze4r32w7itZjWak1mLg7ip7QdxWs1Gk1JrP2o7j51PajuK1mNJqTWftR3Feh+lawUaVJqmuvPaDvWsNHHm6TtbYdd5+QA+NLuZ8Q4cadSyo2kZGMjpVuE4m3aQu6HXkFSuqCDggnG3wq93n1trYNslSJkMAsxgEhZB9RUFOtjUi3AcWzqP5hgzjbzoz9oKxIbbOll74ggYO4zvisOTcxtjSWeSyldCmQG3GAMSOhBiaPPEWv2d7i3dTDBARVCg6ZherAk56g1nK9GpAL8RifGvqQZwBvA86oOIJ6+UfrzqnCGyyr+8caiY1H3iY6aYHWI880PxtxLenwOSh3gksCemogEifSl7e2FxDEusTBO2du4kV6l6X0q5P0rM84TSxCuoUCFOg6/lAWOsk+U1vd5ygIItuZWRqMEncaQJPxnoMVvkRlFF0S5BIJMGDBbb12ir2PaNEEknAhtyfQ0EnP1WNau07LI3MbiNu+KxfmjLLjQFjCkDvMggbjPlBofIgqKHDrcAlp8/ESRjYgkfKqX72lgpdlaAQM/e2GTH+1BPzkhFfUhmdSCZMkEEnp6jtTTh34FraNdA1wNQFxxDx5HAOSDtRXIjdbKqrjGvHqNzJGw3iajNhNdz3l1Ab4OFEx+vjVObcVwtpSbaE7qG1kidMqV77ny3rnbHNncoAxDKWIgKRHmoI88HOSYM1u96D18HQjXsIbbCidzG+nyr327JK6FnzMnsc6fz70rsc4dTAcJEnxWyuekSIP1qvEcXcdGLXVCFhJhwCygCQdIntjAz3o9mFxD73FMV0kKMZ8Q21Tj50Nwy+yAh9Y/lnYYG81jashjBuKZ6LM+UahFatbRdIIZug1XFEn4AZ61k5CUbJxQgeEsR54/OrLzAALNtSRtMz6zWdu02wVEB3BcnbbE+Zre1wh+8UYEyQFA28xmtUvZj1uODABUggxiSKL4W2pWbhK+mcekYqj2Btqjyk4wR1JI3+lQWBOc565xORJ8pHxp0n7A5RTyEjh0J8LzHY1G4b/Eara1LAExjr6zjbt8q0S4+J8p+Xi+tOib+mZjhW6N9K8bhH6GfL9GtkuucbmBiOpOdukVrduOu69T1EwB29cUspRWxoxk9C827inG/fFW/Zb5EkSN9xn0j4ULxPONXhUxOJE/qKBd2OlpZ++0Y7zM1CfKlodRrY94dPHouSsjAnMkgTjoBO9E8fbRFJJIhScneAO+NyR2xXM8BxpS5ruaigIJXvGfSd6c814pbpUqsKxQbR4QdTSOmBRhO9jJKiruB7zMBqGN5B96DAyOxFa8beTSujXrJyG7YAIzmWIA9aScycvf4e156z6zP/AG/WnHJLH7TzR1M+ytWwuCwBiAuVI2Ysf+Wn+7B1RmnEXMCWB/5vyFHcvA1lb1xk7CSNWCTuPICNzIp5wVm2Fv6FAS2dCZYnwhYEk7TppXxnMhbKags6A7ROxIK7GJ0hDEEZIobD0SFxuCSDdZTMaWDCD0BPT5Vew5Kg+2I8oY/Wm/CcSnsnvuJABKgkrABOmCDJ3Ez6VzVznLsZCAD0XPnnNbfkLijlVAtrLk9etZnirZChT294TknyE9ZqDl7XF1OxRJAJad2kjSPvbHO2ax4zguIt6dKeAYBhSDkiSekkGudxkCmGI0kRmCBlYk/4TNXu8z0BlUiYgiFzJpJae4DGpRnIzv5Yo7gGKk+04c3T90sHx8iAR61owlZmg+3xPEBSDZ1xEaliO/iYACr8Rwz3Fh7ZUxj2bKcR1AnPyrfgrF0XfaD2CA7h86AJ93LQd9/lTJlBYu9y68gSETShjacqv0qigNSrIhsXeFW3ocOrkAByTIgyxIjEqfpOaKTgbUSL5JyNQ+kaYjrk4M+lHM9kbWlY9DcfX8hbUfjV3csMW1jytov/AFsGat8bfkRyS2BPbslfCCzTIIEEDscZG3ahbvCE4HgJEZjc74x69/Wmo4dz2HqWb89P0rQcCYyx+EL9FgU/x+xXyREp5dcVCntAFMAsy+GBOIIH40bwnKre73Q5wZCuwMRjTGmjrXL1A2ou3bAECm6IR83pAT2EA/hlxtBCKP8A2wwqcNb7W1QeU/lA+lMWFeKtZRQr5pGaNcGoLcZQdwsAY7QMHz60DxHKwwM5J+8QCfnvTMVaKaoiPkk/ILZtaRAAx+ulYcfwpuFDjwOG69KY6a90is5CpsoHPnQfMbBdIGDqUyPIg/LypjFSKDk2qCnRmiL2HyivWCdfozA/IUSOHMSRE7DqZ2xvWHMGlfZqQcgN4YAGJGqMk9Tmpz5KLw43tsqqi3bE3GZ4lpGneTiJkgQOk42miOH4a46h0bwkTDMAfohpLw3D3ACWYaEnUcERifvQpgTt1p/yq8ZCFlkgYUgwcA7HocecVL5JeTohFNm68HcGfaKp7FAwjy93PnFKOL4S4xNwFXjVJRpmZY46HO2dxTW9xmsNbIIPu6gdiZEjbG/WhrXIbioyC4dJA2IBxO+TMz9KE1JlcPCQovlroYuupzhpwe2J2wPpSvj+WraZWLFoGe2I3rpeL4VbOmfDIEk5kgAT8d/jWPNOAN9VAZQBBkCCw8zMd+lIsKmBwsX8LzO4IcXDtHs3BIIG0CfdAAHrWXNedNc/dXAoBIICgr4j1OZ60QeDW0uiVXzJLEmT13NKOaclDfvPbhh7sLjT8Dk1teRXaRkhuLqOoK6mBI+4REAkbb/3o7lPNuI4d2NlMlYYwGO+Dp1Y3PzrGxyezdQKeJfUDAJG3kZMH510nC8itWhOtpAgkhf7SPnTJ35Ao2xc/Orq2/ZlIUsSxE4bVmYODvFLeY8xuM7XAjEYjBMDZdvKOvSnfMOV22AIvOJ8XhzPzOK0RrSCE1T3JO46mM0yfh6M4AfJ7YcA3tSoAGYGQSG2AG8TnH503bh7X3OHdl6MBIPoWaYrxRbuIWuFtWfvtJHlJrO1f4dBp/eCOmo/3rXFeQ9aEfCcnugaza9iv8zgCPLxNvRPC8u4dv3j3EYA+L3CpI7iYNCPwr3DNx3f+ti0eknFT/h9M3J6If3KQU78Crz4j2CKoAHYEAn60H/xHVdi3ZQJkD2ge4T5nU8SOwxmt7HLlHSibfCqrSBTJS8k5c96IwvNE3CB/KgVB8NABq44NSZIk92JY/M0TUqqpEnySezD9mXsK2VK9LVWa3YSy0VDVZqTQ7AstFSqlq8mg5GNJqK5GxI9KzmpNCwl5qwasxU1UOwDTVU1VnNehq3YKTejVASYGTW6jQ6grqY5C5gZgFjG0zgbwaxtoRDFmEnCgxMHc6TMY3mDIx1NU4RRJOomSZZ2xO+NUVHk5lHB18fDWXsIJJLHVk7tJMTuFk4+FYPYXbSJ7r4evkd969D9F29PzqqcQIxk+sn5b1ySnOTs6KRLPCyrKxhAQxCyNeSYfVMzPSNqa8u4aB7VnYlhKy3up0jqQZG5I2ocoTpt9XIB8p3+SyfjRvMYVXI+6q218i2W9MaPlXRxNvDGUaEyPqIPd6P43nAtsVIEDrJFAcMYdPUf5qWfa64EvtreQQCojbybG396pyawZOhlzznSm2jW0DtOVJOMY2+NK+K5oxt+ABHM6huAOkCYz6UgbjMkkEDuQcdsbbmsf22BOkkTJYCAOnXaotNivkkFnjL90hig8IhjgR3xG58vKh34iGKNqHSdXUjwyY2kj614eOm34oAGQTsf15UTwfH2wmhlZ/fYLqIEsIVsAnwkkgdYFBRp2yVXkEs2LjtDbAiXVSfr/eu0XhmZTLeEiMNExuJmuUfjRoRRI0gg75Mkgx0ABA+FO/s5ZtcQzIOI9k+mUDpqDdD4mPhzGYO1GOWNFpDGyHKi3aBKgYVRq042kSfrRVrgeLdSvsVEGQWGiSP5j2+FdJ9mOX3OHstadVYatYcOG1EDI7ydKntRnKUmw73GJA1MQrEjGR7qyRHQathHWqxh7Gs5wcmvuv702UEe8NJ1dogkxmN604f7LWiDN5pBIwpA+Gcjzpnb4fibiq9v2aArPhAkSYj3ZxkbDI6UFxXDcUXYhnicQenn51T40gbObCioRUrwtT2eaWFek1nNSaHYBfVXk1Wa8mt2CXmvJquqvJpXIxfVXk1Wa8ml7mLzU1VSak0vcNF5qTVZqClczFpr2apNWAgAsYBMLPU+fZR1NbsGMXJ0i6LMD9fM7DuenyoxOH0gMctsq7ajs0dfZkRvvuei0QLSWUDMRcLAKYXDmZEDICCMDzJMk1NcnUT/AKDf4Cl5OTr+528fEomTqdzBY9e3kPKquZgH4x3rG9xaNMMCB0B3z5b1paWJmdTZPko90eXn51zJNuzoVeBZxZuavEcT4em8eGTvmfnWnDcVoK4BUHJ94rHv5Ex17V7x/EQdIiMmT0I6CYGrBrLktnU8kdyT/hWC3zMD510xbcKeif6sHRcsYPeLYIUSDMglwNMY/k/Gq81ebUj79xj6gEqPoorfkFkFTdJJ9oxMA4gEgR2rH7RMJRRiJx8qpCNUU8C8CHt+i/jWv2p5O93QbaoSWCnUNl6kncxnGPWsuJw6eSrXTcVGkeTAxMSIIIMU0tAStnBt9im4gMq3WRgRqDcO9tS23hDHxLOZzSDnn2XucG5VmV0YqPaBTpBKsWABJkCN56jaa+jc2+0NxAiC4rL0JJD+QuQAJG0g53gTXFc7493uEhgWLR7xIiegOAM/qKm36NKKEB4G3GkktG+SIHSPOo3Fooj3f6RH1ple+zF24TctPbZGErDE6pG22OvWlXHcC1pyt9ZcjYRt0IPxpXB/qJNPye3bMjVOmR1JI/1onlXBNIuFSEifeMkRvA60Xb4K5bEMFlgCu+QRjfERUtm7cPs7ZWf8RhQOs9/htS50ZRotxPEyE0XHYZAkzBPeMyRTXgec3rdt7RZSlwAlYDKNIiM7ZyT6dqX8dyficMzLMQwtkQAGYyqmJJ1E9TM9IAGtcSI8Cg+WAY8x0rSUou0Zqh7w/wBr7ouI9x9RQ6VDAEqMEZgGPTpWPEfaTi3Mi9dAGBpB2knON8x6AV9P5Lyex+x2i9tf4YYkiDnxNJ33JpJduqDAtL6F1kHqDqaZq8YuUU0wUc1XhrzVXk0ex5xaahaqj600sckuES5CDzyfkNvnQsePG5aFmqvJpq3K7YxrZj5QPpBpXxKqrEKwYDqDOe096DsaXE4q2VmvJqpqMQNyBS5YFFlpqTVS3r8jHr2+tR305MKP8R/tg/OiuOTN0ZcVZRQTcWIwS2PuLPTJBgqfnWfDcWbggIRHVzAIOPd8UjG+K3x1tjdMDGR3q2n1/D8etDa3/mAHZV//AKn8KG5pcNtFbSbjuSFtkkkiMsUHTbpGaC6fuGME2Evx1tSQWQMNlJJJ+GD+P9pauNdYAa31YAVdKxvGcrHmcVhyXk7A67sPdeMR7ojA7T3P9q6tLa2wVUr7Qjc/dz67T86C5F4WF5OiPH4RnwzC0vsj4m6gZAnbf0/WKzfhTE2hmZa2zGY66CcfPFapa0jEkkyT3J3JrPiXGpInV+Q6x8qj8neVNHWl7BF4ZVYkkpiNMafod48qKThgB4SF/PHX/ShbfE3Q5m47TBCAKYHmSOvrRy3bhyWAHYLt3z1pHFLLYEkLeOuMwIt2wzLvM9eoxDfH8qnD6/ZOxGlnPswuxUBiGMDIz6kYpleyPEx+cfnXjcKr3bds5UAs0bmRkkjMHGapx03gzVaOm4C2AgUDAAHyFc79oT+99F/M0/4RBbQIo8KiBJJMeZOTXL82ebzmesfKuxMVlOOP7z4D8Kd8ZxKpCsDDkAsWICkiRE4PoNsUj48fvD8Kdcw5f+0WlQFQRDAsNWyxESPWlekGO2cv9qLdsroLEDVKwSCYjUplYxqBwevzE5VyK22jiEvuVU+EFRv5pDAgTGB546NOZ8CXtokhnURq21GIJjO8ULypLlu0bdxVDAnSynOckERBifrU1Knfg0o28j23dUKU0sZIyPDInOkGAQPhvjtQ3ObFq5b0tbW5IggKykdypIEbd6xvc19npF5hpJ8LdckQQDv0kDsQN8HWb7EDwpLTHWY7mB9Y3qva9AaoBTg7fE8L7G0QHBUAu3jOYWCx8WOn95o3ieUrYt2lFt3uD92zIq409XGqNJPrvmkvFpfTiLdzg7ct7xQgQJIEs2yggnecgV0nMOb8YbTC+ll7emX8cFYyNOpBqaQIyIMUkE1+Rlb2AcTaKDwNDDwlYKg9oDY2O4NIG4S26m9cTQ6nUhkjX1ggCGgCcxFE8Tx2qfZszKpCl+pMYBjyH0rHgHUl9ZIV1O4gMesg+VTlJdqV0ByvALb52xf3iBECTuDiI6g0Q/OyTJUE99KZ+Ymkjx4tSwR0OCBGJK4HWvRxg7N8v9ampSWiVnQE1Wa8JrwmqNnBRojkEEGCDIPmK6S49x7Auo+B70oTOM6Y6TIyMQa5YmmfLOa+yV0YMwbYhyCvoDI/XXo/HNLZXjn1dC/j+IuEqWLFT70voUDzUe8fWuc43iWS6yrbLGQQR2Ix0J8vhTHnfFOpNs2ZgyDcYEz0JAAmgOG52ipNwkuSZAHbaOgEVecklhWUldBvB8TcafaW23nfT+Jnr/LRiM/QIvmASfpGaQXftF/Jb+LH8h/eq8Nzy67BVtqxOwEj89qm3PwkhKkdCbZJ8Vxz6HT/AJQJ+NQWra5hR5n+5pcLHEv71xUHZBJ+Z/vVl5Lb3dnc/wCJj+ArnlP/AGYr+2b3+b2VwXB8l8X4UBb426YNu0WOkIdWJgmCB1GY+NN+H4S2uEQA9IXf47z9N8igOYcyZH9lYBa9JDYBCjIMRI7HUDWj9LH2UhGzPjXuKq27jFrzwRatjAByNbbxGcH1xku+UcC1tNVxtdw4mJiYARTBOkVTkPKUtLqfxXGHiYgkz2XyrpERbK+0uEas6cHE7D1OKVvs6WEdMYpaKteXh0UuF9q+FWRmeikxIEHPwoR+I/mIM7mAJk9JPTrWXE81QHUzCWwPF2xjtiKD4B7d1teoEmY3IGntAOdt6STvCwkVSoZrdaPCpPY7Y9cSPQUNwx1Bgs6i8Fj164H8vxzmiuHJzgr0Gd8467Vb9nVbh8YAbxBQudQ6zMRGI/RPGl4GTNuGshBpGT1Pc9TU4i3LYdhtgHGP0alsADTMR36eh6iqBj3BB3EEnfofu/OKVQbux2lRbwu4UsJHijyHXHmRRvIEJ13SPebSP6RS9102mJPiIiRA+o6Cn/LuFNu2iky0Sx2lj5dK6OKHWJN7NHfDQRjf5VyN1tVw+bfnT7grwNt7oOGZiD5LgfDFILPvr/UPxq0XaAzXj/4jfD8BXR8uRRoePEUVSe4g/wBq5jjGm4SdzH4Cuo5WoNtD6fjWekZbYBxvDEkiSIJgjt22pBxNti+krqG8zEx07z6V0/Egrcb1HyNB/sltnZxbVn/mOYjpP3ai6TyVq0A2bhgE2wIaQHAbQ38ynsQPxokcKlweC7paMlADjEHxgjvv1NWtlQ++kxBGqV+MdZpH9omcO1tLgZcEmZB7RnOKbvFLJKeBxft3ARF1lnfSFU/Hp51zHM+aXfaNaN4tpI3kznE9OlHclb2ikPcJJkBdcR/1bzJz5Uh4++y3CHkQYkr7wA8/juaEm3HAknfgGfmzI2lmaSDDDSJwJ9Diq8NxhkhLjLIgqTrDAZjxe78I9a9vW7bwjNmJ6yAP8IwO3zoIcAEJKMxXrjp22OanFonoJfinIAHvHAAGo+kAZqj8g4i540AAO4eJBkzEiYnar8MzK66AZ6EacGSNpyAcfOur4FkuIG4lEa5sTpOQNp86eK8oaMbMCahNeE15UrPPPagqVKVsLPOcP7VFEQwEap7CO1c1/wDr5ZiTc/6f9a6NqzVaR/1E09j/ACMWWvs/bHvFm+MfhTLh+Gt2xCKB+fqa1FexQlyyltittk1V6o7z2ECSWOwA6knoKrdtEr4dWomFVRLsf8I29STA3OKZ8HwHjiQbq4d9xZHVbciDcIiWI69gBT8fE5ZkV4+PtkO5Pwi2tbXBpfTDjUSLanIBI8OqIJIP0pbwN/grbarVl1BMBgsK3Y48UebCt+Lu2lQrH7oHcknUTvqA94T1OayfhRBdCpDAZgMCCNhPvfKdqvKd4R2RhWgpeZFgfZqiHqY1EZ6DEmq3uFvXFR3DPDofZkKpCAHVqkwWJORgDbpNA8HpuXLQKwisWUGBJUHxMJnETkbRXXcO8gwZyYNLFt5KQinkG4Xhj4tVtVHQQD0G3pB+J+YfMeUITqRQG6gSob1jE9jTS2zKP3hHkR286s7AAmJrMq1exGGFoFyQegUKZBzGpiatw3HMbesrMtAGBG/b0+teceQwuKmSWGx+7GT6T+Nb8Fw4YIqxoQDbYmNh3A70yefoRRPbLNBctjJ8Jwpxg5/CiGQkSMzGzTM7/qe9bpwarqiBqbUR0LHrnrV7YAJJIAA3OAo/tH4VlbwP1Qv463quW7akmDLRE49cTT24SQY3jHypDyex7TiHvkEgSFbVG4/lG+AMnaafIM1RaIt2xbxFsW+HCdlI+f470h4RZuJ6iug588W47mkHBj94v66GnWIg8k4z+Iw7GPliuk5Q37pPj9D/ALVzPEHxt+u1dHycTbG/UfOKMtIK2a80kPjqB/vQNy5pBMwRtgwCepijOZiSpj7o/GaBvKIPbrXPPZWOhBxlxw+sMNR3Ow23Hf1FJeM4pkBYkbekx69fWjuZcKwBnTGrBBb56TsY7eVAWnXSRJJEADvPlUVF3RCazR5yYMLi3xoVAp1DBOonEDbV64FOuY8fbdSjIzBu5gR5gDbHlSFuMdLLoqhASPCSNz1AJwcAVW1zD93lDqG5OwOQJ07DferKbjom1ijW7y+0Um3bck+ENrYkRtGT5Y3jeKljlRtJrLEKSetswd8qCWHlIE1WxxwW2FAncuqsTLA7ho3A6TGKE9s4fIJWcnUN+mBJPfFLK2LKzoOF+zUlblu6D/MoALeWSYExtHTrXX8u5XbNse10KwwJBYkDqSpiZkfCub5XwvtV9orsOkI4BMSTsTI93oCM+lLeZcZdFwjS3ltt/wAzTVYaKp40agVKgqCuRs809Ar2vK9oWY8IqhFaVU1FxthPFFRyQyoFJdjCptJG5JPuqOpP41RrnjW2mbj+6vQAZLORsoGZ/CjeGsZA97UCHue7qEzpUbi3MRPvRJxAq/Hx0rlotx8d5Y55By0IDcNwu7CCIEIAchMagsjeYO9V4+4Vi0qhEOS20nsD+M1RLQtp4RCgwQN87HG85ovhrwuoQQZHcb9iK6u3aNLB19KWBcQGEESo3kY+ozQ7u6uGthSn3s/UfGiuJfdGUYwYMAjoTJ6/KhfbeEKphY6efauS3FjJPaZtd4fUPaWpDiD2BbqcnHnTWzzFAoDsqud58OoxkqTjfzmkvKbfs2Cly5aYJxBOYicjw/hQvN3uWn0FVcMBC5zJGMz1nftV0lVorF4s6bieNtqP3jqIE7jbrjc48qUcdxcsVtyQVCs5MAL4ifZ9WYyB2H0pS3E27dxEdFLuQsWwJEdQxjAFOP2cBiZlZxPT4bfGs6WWbvejJOKthgRacKi6ZBhT2ULI1kzvketOeW6dMqWgj3TjR6L09aULwvjNwnUfu9lHYDp61ozgQpJk9BmPM9htSPkyBYyPL66okjvk5kEHHyofjeIItEsN8TEAnExPaaVCXuKqMfDl2BgAdvNj9Bn1pzviXLi1bB1mNMdWYiJnEAaz8KrH/Izni2P+QoEtaJYtAJJWF8X8piD9aaIMVRV0gL2EfKrirCIS/aF8KPX+1KeBXx/A/hH50Tzu7LgDMT9ST/b51lysnWT5GmegeQa+PG3qfxrpeQmbfoa5q/77ep/Gn/In/dt/V+IgVpaMnkYcyt+BSDB2+n+lLdZimfHJKA9QfxpaFxn0qM9lY6EX2hcqqmBpJgyJHxH51yjqQCbcBtgNwR2J6V3nG8OLqNbYSDjzHmD0PnXL8T9mbmom3dx2YDE+gAxilwhJwbyhOty6U9ldRVMypjVIU5AMx9ZrzmoS0hVgGkEdARucSBnPnMda6PlvANbLC4DqA8DSYDmRqgYYeRFCcz5JcvW4UpLZLHIHXw5OkHyHfeaLV1ehHC0cfwa3Bb7AmQSdp69/16Vo/HAQpQjsCZHmQf7UZzvgW4ZkRyT4AQVBiM4kCRB7bxWPBcrXiIKsqj3SDqEGN1GQcR1G1HeWSad5G/2b4g23RxBGkwAfdJwJJkx5QN66kX7z+IewHlouN9etcpwnAKgYWyRpOQQdUDeM5B+VFWOZvpBW8FBzEt1269ope7X2BOgyva8r0VytnEe1KlVdwNzS2Gj2a04/lN7SpS07gifdEA43EyfLHrFdD9nuUJi5cZT1Czt5tSb7a/a0aTatNCbE7F/Idk/H036+L+mxci/Hx1lgdr2auLSurBv4jkqGvPJhd5NsE4AmeuN3diwqIVtgADfzzn8a5r7NcqYH9ovDxthVI9xSD/1EA/D1rqIguB/Kf8o/OjNJvB1xXWP2WHvA9HEEeZwfrBrLhuIVXUahJMR+WPOtVHuf1f8AeKGse+sAZYGfUzQvT+zReGF8ytDDyADg98bfDNLmtAbmaYc1E6ZPU/lSO5bhj4iSfpUOelIeGjZ7ek+1BkgSB/Tn8qac4A0q5A3jGYB2Py/E0mRcGaZcfqPB6wpMKhwCckeQqvC7jkaNK6EelbfEi4QT4NIPQBjMg/Aj0pr+1I1wAPkrhZ3HUgdSKX8LxRdIa08HoUPwxGN6twfBolz2hQY+8SCADiNJmN9zmRIggGh8Tb3gRKUXjQxucQqAlmAHcwOoM59KqAzq5VSgMENADPE6vCcz7sE433xV+ZcRbtsH9nqeDpY7LA8zjpsM0wv8jNxU9pcYEqpe2FGkEgEiZDdt5zNNHjV+zN1vZOVWUCAIIUbiZOo5Oo9T50RwfCp7fwKBoEnzJ8zO2KE5jykW1LpxRsIoBKoDpIBAmCImSonzpnyZPC1yfePXt0+kV0qNIVytjBjJrzVUUVU0BzmebvN1vIx8q85Ucn0H+YflNYcY8ux8zRHLdnPpRloC2BN7x9TT7kQJUgR7wJny/wBYpFc98+pp79nT7/w/P/SmehVsdtbm2wyT/saVackRuJpza+96D86Tn3l+IqMisAZrABaCRq8+vcdjXO8bzJ0DKFl9UFv8J/Oup4lBprj/ALQWdLC74jsNIiJmB0qUrrAvInWAOxxV4sHJhIgyGBJ7Cfj+tmdjnLTsGEdMyBuY3+lc+nE+IjeJOBtG86d/lVFvMzDTKQZLGSNOTgjbvP8AepqyCm0dpxDW0Qa2Pi2Ge200B7WyCQFnG4O2MefWldzi20LbuEmBKN3J2gxQYviN8z1hSc4HTvGaLk/BpzGF9WtklLmtCDqDqCyjEgECWUdjn1oDi7txyGsqHXSPELRcT1AJSRG0Vrw95lYExAjzHntgR+FMl5yqYODv7o60Yz9mUkUqGpNRRn9D/YedcxwrJEEkDuY2n6daFvBXdjbY6AdIuQcmfdtqDljkFgcbDOar+0i4dInQcEiQbv8AhTqLZ6tu3kNz+Wcu9s0jw218BdcYGClsj5M49B1rr4uH3v8A4dXHxqK7S36N+CtPdX2doRbSJk+HWuQiRPWNTZ7UPwn2fRb4N0+0dF1lQPApM6QAcscDfuMV1Lulq3gAIghVXH9KgdyaXoImfC7+K4ZmPn0AjHkvWa6Zy6xpD7ds9RSVCnck79B7o/7jVmceJu+3pv8AhHzqpYkYwW8KjsNv9PiaitkdQnXozf759AK5xnIpxN0pJ/kXHm5wP+tvpVeV2Sbi+LAGZG2IGB2mrugbBMRknzIx8lJP/N5UVwCBV1E79+w2/M/GjFXJL+Qq0gTml8G5pEwgBmCAdWcTviNu9AWigOBj86ves6i5OAx6YO0CTvMAVmbYEL5fGuXll2k2X41SyX4h10MdPQ9SJx1imfMPDbUKCYIAAMdCIFLDb1Mlvuw+S+JvoI+NNLtwtc0KpdhgACTMEnH9IJ9AatxtqGNsHbDYCnDuNTFk8UaQRt3zMnH4UNzfhA6hixhegE/CJox7YJBIAgzkDfvnb4UHxQW9cSyudTZI6L94/L8RS3JuicnjI+5Q6m3be4pIgMwiSVHl1JA+tMm4620t7VVkn+IGt5J73ABvSzm18W0UCRJA8Jg6R2PToKR8Zx5t6gCZCwe5aNpHWTFdfeMcMm5Gn/5G4mLKWwR+8cGVIIKpncdNTJ/7K6D7PWGt8NaDEklQxJJJ8Wdz61znJvslavor3GYuqqkrCiUw2Izmc13UQAo2FVk01geKdkU4rK840t6GtHO1A8e8K39J/Ef61NDnNXDJJozlhAVtQmSAM7EzmgWG9H8Cvgn/ABfgKaWjR2L2OT609+z27elIjv8AOnPIG8ZHl+H+9GWhVs6O3kxO4/X40s4lInyI/GKY2veH6/W1ZcSo1HHnUpLBSLyB3l1KfnXNc6tn2bbCPFk4xXWumKW3+GDAgiQe4B+YNJQ7Vqj5V+1FNQaGlvCBMwOsDcGIyetX4TjnaQASSYC6sAE5mc/7V3LfZ3hiGm0okadts9Oi7CsLv2N4Ypp0tIMyWz6HuK1RI/GzkH48Lo1AwTnBgHMjUd/WiTxAILCGjOCATiQDT5vsgsFVuPH3VMEDeRMTGfXFc9xPLzwkoyk5nWBgiBEYnv6GaSUF4J8nG1k0s8VIBh47FSIAx2mird5CJP5f9yzvNLV4jUoZGztHUnHyPbvWvtbXVtJ9N/P40nT6Jqh0tA8x/g8R/wCT/wDYlSpUuP8AJHNxbM7Hv/8ApP8A/Ga7DkP/AIThv/LFSpXo8Xk65/ke843tf+Yf/jesn9656/8A2VKlT5dgRqvT+j/tNUb3D6t/lSvKlSGZk3vP/W34mmF7+E39H5VKlUhtjMWnYfrpWF7c/rtXtSuB7K+DXgv/ABC/0P8A5rdZN/Gt/wBdz/ItSpXVD9IH+Iz5P76+h/y0Byr/AMa39Df50qVKr+pEGF/aH37fqPxNc3zD+N/63/2CvalR5fy/kHk7b7MfwF9T+NNm3/XnUqV1rR0Ipc3+FAcx91vQfialSlRmctb+9/U34mm/Afwz6n/LUqU8tGjsWdT8acfZ/wDiH+k/lUqUZaFR0i7r6/8Aaax5h73/AC1KlTeh47MTsKwNe1KQoYXvdr3ovoKlSlAZtv8AGue+13uf8j/5alSiLyaPnnKf4n67CmnD/e/q/IVKlMtnIz//2Q==', 'ayushi1407', 2, 'Trip to Ahmedabad', 'Ahmedabad, Gujarat', '2022-08-16 19:50:55', 'https://res.cloudinary.com/dbcpdiy45/image/upload/v1659974434/avclhfc7zlujfzyblozt.png'),
(9, 'Lorem Ipsum is simply dummy text of the printing and typesetting industry. Lorem Ipsum has been the industry\'s standard dummy text ever since the 1500s, when an unknown printer took a galley of type and scrambled it to make a type specimen book. It has survived not only five centuries, but also the leap into electronic typesetting, remaining essentially unchanged. It was popularised in the 1960s with the release of Letraset sheets containing Lorem Ipsum passages, and more recently with desktop', 'data:image/jpeg;base64,/9j/4AAQSkZJRgABAQAAAQABAAD/2wCEAAoHCBQVEhgVFBUZGRgaGxobHBsbGxsgGxwbIBodIBsdHRsbIC0kIx0pHh0dJTclKS8wNDQ0GyQ5PzkxPi0yNDABCwsLEA8QHhISHjUrJCsyMjIyODIyNTUyMjUyMjIyOzI1MjI1NTIyMjIyMjIyNTIyMjUyMjIyMjIyMjIyMjIyMv/AABEIAMIBAwMBIgACEQEDEQH/xAAbAAABBQEBAAAAAAAAAAAAAAAEAAECAwUGB//EAEMQAAIBAgQDBgMECQIGAQUAAAECEQAhAwQSMUFRYQUiMnGBkROhsULB0fAGFCMzUmJy4fGSshVTc4KiwrMkNGPD0v/EABkBAAMBAQEAAAAAAAAAAAAAAAECAwQABf/EACwRAAICAQQBAgYDAAMBAAAAAAABAhEhAxIxQVETMgQiYXGB8EKRwaHR4TP/2gAMAwEAAhEDEQA/AOsFOKrDVINQ3CbCwU8VANUg1DcHYSAp4qIan1UNwdg8UoptVPNDcHYS00tNRmpaq7edsFppaaWqkGobw7BaakFpBqcNQ3hUBBakFpBqcNQ3h2CC04WkDUga7cHYILUgtIVIGu3IO0kFqQWmWpihuO2jgVICmFTFduO2jgU4FIVICjZ1CAp9NSAp66zqIaafTUqU11nUR00tNSmlNLYaI6aVSmlQs6jjQ9SD0MHqQetLRII11IPQ4elqpWg2E66fXQuqn10KGCQ9P8ShtVLVQoKCQ9ProbVT66VoYI10+uhtVPrpWFJBQenD0KHp9VI7GSQWHpw9Ch6cPSuxqQWHqQahA9SD0rsO1BgepBqDD1MYlC2dtDFeph6CD1MPQth2hgapBhQi4lSD0dzO2hquKsGJQIepDEo7gbQ0YlP8Sgw9Pro72DYF/Epa6F10tddvZ2wK10tdDfEpfEpXMOwJ10qG+JSobw7Dz8Y5mAx9uPKD0q/AxgwMMTHIX2PM+XzrOTCJmQrEzBkg+ZJB34VPLq0EaWbVq06TY+cgA9a9dvo89Kgts6v8R9h+NL9cA4mP6be/Khgnw9OpHU3EOoYbb+GBvSbGESCYAIEzAIF9wBE8B0oYYcoM/XADDav9O/Xy/Ck+dA4n1FAu2oAliSb2EW5eA+l6nh4iK2ksx2sZKyORIH5FDagphP69yMx0pf8AEBVGPiAkhQot4osefdjj9N5qlsQKCAjE847u3KB0paQbp0HtnevyNMM/1rK/WRAW8iRMGJtEj+/E1YMYC+lTJJkelo33obBrZprnutWrmjWMmMJveTtBkeR3npTpmmFlGoGeUHzG1K4DKRrrm5p/13rWQM03BYvMWv6bVFMZlMkEyJ42nrcjntSuCDuZsnOGmGfPSsj4zH7QA6HhPRaS6yJX15+0TQ2IO5m2uePSppm2NY+G5Isb+R36UQzFGA2U+RjnccKX00HczS/W2pDtA8qAfFuQpkc/71WFJgzvtEQfKg9NDKTNZe0KmuerHkxM/IEj0FW/EW3ej2HuTSvTG3GuM6eVTGdrIVwQTeBvvV+Gkm0mbzP40vph3GkM6asGcNZYYfxC/CakrSbGR0kn2FK4jWaRzp5U4zx5VnrMjc77eVuNSQcwQfMfeaVxOVGgM6eVIZ08qBX8wRSZ7iLk8N/8UjsdUH/rhpDNmhHLAWU/X6U6Y3dkj1n7qVphVBf60aVB/FHMe4/GlQ2sbBzZW5BXWZIGkGDyJuBBBHDhvUi7Hu6SwgSswOBBsbCOP9qznx0vhqjgC322UREXEAXkXBojL4aMp14nejb+lRAAmR+eVe3R5eCzBUkQwbceA8QbfKb02KveB7w6Eg/Q24/maC7SxBh+JBaBIM8Ig3gQfztTPDYQYLExDgRxPPe09I4V1UKGYzAP3VjjzBtsWLRe/LaqC4BGpgNXCePDjcch1qHw8TSMNX2vHdgtMkGIJA6b8KllcZAP2mEC5A0gBtMDjcW/vXI5uixsOxYvaSq96DHCw4QNjzqA1AcJmTEFp4fjblUvhM1lUDVcqx8O0WIg7irERVb7BmxIIBiDIEnpw9DQpnJoDzGJpJEid4vEwenSk+IAsspUkTcQN7cLjc7caMfFLMCo0BZG2/KVmZ686DzOcxGlWlobbgOu29zXZCVgjiDBj57/AE3q1ydVhAgR3jJ4cvnVKlmBCruSIB7wg3sPLYCrcPMqUKx3hAkiZFwLACLcaFMa0GI6W1FRqiwO+15JsY+tQGXEaSUibftFMREjxfm1UOqzpa50ienLa5tV2Yw4AxFfVIEDTdbcSb7gCN6moDbh8JlgklYBJ7qywBiO9t/mq1zCq0A94zEiY3sQp4UO+bQRsoAhhcahNrC8zeaX64kHSGNt4aDSuK8h3hGDmm1F1xAW0xBw2JMjgIMGBxNqgMw8alCEAGwBna4njubTwpLnNbaUUxGxEyY5wB7jhSTC0sWnQCDspNwN4g73rqRybFhZpt/hggwIiNo2v9OdGZcuHC6dLSZJFha9xbbrQnwi06I8yYm1zbp/ijMLEQAQ/eMC8kFjuP7/ACrkg2EZ9xhhdDM3iDHWDwsKFwmctpOoA7kgQPWNqufDUr3cMAXuTN7b8+FXphaVLEzpF1YTqNuI4gdPxpduQ3gg2JiK0KCRG8CNvb1mnw83iaRsOl/TjbyttV/6yuj4dwNPkSAbgQZ/JqrBxkA02+1p1LeCOZG/D0oVnIya6LMd2eJFhYd0xwtJ+lR0QBt7xbzn7qk+INHdYB28Ugx0ItfheqExFCszwx5gmFj8illCIybD8NUMeJRbduO3LaiUJCkL68yecn76y8u48UluRkX534WojMvh6YLNG8id+NLtVWNeQl82QpBBHUifaDVeWxNiJF/O3maEw8fDYnTPlc+Zpky0tIJVecj6e9ScXdrI9o0sTGO+owfCZAEjnTPjgoFBk249eNDgKo8TtyBEg9Im3nUQiSTtyhuPUAW966SdUcgzDxLDbbmPwpUP8Af8z5t+FKl2vwPaMHERQNZaQY1EDTuDeFEabC8cafK57CVvCH3Pe1MRfrYC8X5057Nw2DktiAkMcNJkAaiBZhsB1vFuRHwMuuHcqYPhIJmyifsm9+JAvXq90ebWArMYauS0FR4gtyNQAAF78J86Tt3ZYxM/ZZp7pXdzYAGJ/m9au1qyQ2E6sO8xAYhlAmBEzffr86C6oVHwwmpQwRidUE2bjGxG4Io8iNpPJH4GKLMhUDiFIAtMnhYEEk229TsjhYWIjYgYB0DSAVJ1iQFKx/FEVoYuNgFP2j90gxNriDwHAsselcnlsQq7HEZwJOkGQWHAwN/77UFbYG8GmwLEHEcuQBIt5/d050GMYky2EYkwAGJIG0aSQTA3+7aOUVwzNiOIEldakMDI3WOU+VSftIEi7MZgcVgkWv8A4pnQE2JmXXcOAonafVoPKelqGGcww7EsSSSYAmfz60VjYvxNaatRMeHcTMKS3mQI86q+HpCGADIUAEBhPCb70FYSjJ4+GSJIWYkmxEbTaJt8qPTJ4bOH1pCiQxPzvbjt5VVmcLE2IW5g95TPziPwqjD7UREbDYAklpPCIgAgWEAx7Ujjm7/4GTxwX4/wFBLMr97dD6zEn8LbVVg4oJGHhqWkEBgVgTe/ANIPW8A0Nk88iLpCg3JtEmeBJG3Sa1MPNJoYiyzfSFm4Ki43twPOkcqzZSmxmybgarPBBi5MbwLjvb8eVRXszDxT+zxWQzdG1TttEyPnvViZhkQrrLLYxbURyJO3les/tDPOJIe5EqxAkLOm4BjfnTYZ1M0cXLfDw9yCCVmN+My8+UED76GTtBS0MJBMMYm3vQozBKqCSzwBB70GOn3VSMZoJgGATAEAxvz4cfxqcpeB4w8movaGEkhdekQARpn8B8vKq1w8QsdGvSTINiCI4En6GsB3xMVj3UReCqOP8R3M+dNmWdUCkuV3F9o3i/vSOT4RRafk6ntDN4mIAPhpYgAwCSADqHeBsTf0ocY2Nq2AAuZIg8t6BKE4eG0Np0b8BDEiYNiQRY0SchiESyPBAiZAj26/Ok9RtgcEsBzZoypcmAeFwN7f2pi7YgbQyjnqttwBI32996GyvZhYGePnaPIUUnZyqQPiKGMWPH3PyplKT5QKSILiwNGIGUt/T8uf5vRGDlHUHSWQDnz5iDMVW2TZQWQqe9pGkkwbG0WE0NjYWNqJZxJ5kn6cKNPwG7DA2I8gMZ4rA7w6EW+dWYTELLAiImIJ5ceNS7OREJ+KL7WBg+R4G3+KZ81hlyVVryD4ivWLRau21lh3dE8xniAoUGBa4vfeOXCiMHEJXSWljJ707RzbaliYYZRpKAiCd9htP+BvVLoNWpGad9iQDY25fm1c40wqWCSSblQANhP/APO9utWfFBDSBIsIaRy48PWq8LDNnZdQMkwdJnrMyOtQx8UEkMxUnYLpMLwEi9JVIpdl4X/8i/6qVABgLamt0/vSpaOyV5hyrQGNgApMEqLnSRxEk/jFJe001MrLYCQYZAwPdlAfsySbQO70qvM5HGGIQgxI0jXM6SwY2Sx3kVQmJifF1Yq6YAADEAAEabQCJ++9ejl4XB5+E77CMbPYYxVTDIFzJcgA3tETJiG5bda0MB1e+hXaI1MZMdVFo2G1ZOZzWFoBdGZplYZbCN9QW5JHDgd5qzIEQcT4nw9TRpYgqAFknnMkRxnbpzaWOwU+Xg1MXNYYxQgUQImNWoiAWHSTH/jyoLMIsfFcA6RpEsbKC1gBG5oXNvgI6vhwW8JgsATa/wDE03368KHfHLggoVAuAQYaTNiSBAMm070Es0uQy4yLGxHxGAIC4ZNygAJ4+0Hhz9rzlMN0KhXQqSRF9UKYAN9z9KHUggyrmbHSB4p2kDaKiXxEdSCqIGJILNPlE7/hXTS5YqwqRXgAYeGDiCC0a+ZYkwCN9j86IYD4Yh1DAyCFvv1jpQfaOcbExZG/d1PadI2XV8ooPOZq8CBG5PCOEc6k5vodVWQ7N5x2cHlwmJPMgWrPzGEHPesLm1t97jreh2xSyCbKx3JIPWBv91EPhgLJnTHDj0gXqbb7DaKsPDQGNRA5arHl14cKvy6Mp/ZzN7kmIvJPD0/GmTBEWGloOkEd4GeR2HQ1pDLg4cPdd4kjVHE7Qv1JNI2FJszs3mVAYMzMxlbLF4HhjdrietWomIE14sAhQAoiYEkT/MSR7VHPkT8PDw2LDYqI0jjpPDlw49as/U8TFxBguGQMu4bYRvygdOVK59DK0wl8cYeGpRYxcQWn7KkT6SLn250a2HhlQqEglCzWmToMgTsAeNZq4gfPuy3VNQUbiIgekR71qZ9W14RQEakSYFgG3tIkdPrR1bUcM06aV08nN4j4YYBiXVvFDQN9je95t0p/1sXC92ZhrTpk6Rf0t0oztnsdA+tEE2YgHwsRNwOBJ96zmyiqTExyPOoLVTC1JPKNXJ59cNNR3tMAd4+U72jbratHB7RYoAz2DiCviJH8QPmJH+K5Z102Ag8D51dlwBhsHPiBuCJF7GNyZE+vWqxk+hWddl3XQyjEkrPlEcQRMcdztSyDayFYoTaYuQOU7RbhNc12NmHw2Gx2DagCCDw2tMcuIrrP1fDKShCgNPcLahM25jhHAjyqm+qsXZfA2Pi4SswsBaSARFrfy7Qb8aryxAeQCwEXA2k8ogfSpZhGwkLnfVc6VvtpJMyZiDxkcaqXNgsNT6tr8dIsAWkdOdVtdiV4DTgYmMzagxW22JIFouNIEdKsyuG2EGKkgzAtI58etvvispsbUx0htJPdFrQYMyfOp4eJf4e0G5JIjlfbf7qV4GqwsgLiFmDaiZJ1QLm8oQfYGoIjGSsBbwYIA3BPU+tPjGcMrhlWYReWiPOOnCb7xQGDmswrTpm5Bi4+VI5KLqg5rAUczpWbkTvqMb2t901IOGcQQZO5AEwOYi1UvjYehmYEuTEAEHqTb6+VVvmCUJGJHErBDHjAG0+w3obo+Q2zTZR/yXP9LrHpSrMws+NIl2FthFvnTUm6PkFsdXxFK4i94q41ydhv4uot71njE/he1/BE2J5qOPGYojDx5w4LCPtA7TcXjc78Kze1kZ3UYenvC4QCQeEmLSOBjavScmlgx0gkYOk/vAV3gQDfidVh86vxeznxETFACXkgsoJVuMRv4bdLUXh4owsFcMhZYAjUAWJgaXAYEGD9nmKq0l8QkqCeEA+IWJIlbTH9qaKxkEpCzHZgVBpxG1H7OoAMJOwHHyHOgSABLQum4kRq3EFpJkyIEAeVSxM22GSvjHAQoYmdhM7RO9M6PiYZJ/ZEkALEsdgBA2k29L0HnEVkVyrljpmhq0qoEbkAC/IHifzyrLYjFxNC/Y3xIsnQTufOmIZdaI2hFsbeEzfe5YmbcAatRAyHDQHYkELdo+1G8zx3rO028jJrgWaK4YJ0DSuxB7zN/EwgAedZDaBpaC8XgX0k7eZmnx8HEklJYGASxF/LoOdW5PAbZFlmvIMCNhEz7xahQwZ8EMmvRcLbVYbWHTqaty7tidxCNUSSs28uMefKrXxFRNPiMANYkCYsZ3PnzqeXzCFggiQFdmX0ERy2FrbWqU30gvLpD9lZf4eoupZzaWOocyTxnjtyq/Gy+JiBlUkEkMznw6f4RO35JrQw8v8AaxDpBiJ3PpzqvMdtIPACf5oO/S3zqMn0slYwxRjZfsPGxH1Yp0IOE95xbbp/MfQVsZV/2gRWA1Blt1UgFm3JBg1nPmnYyZjmT8xFqr7Ox5xQeQP1H3GuisoaMUsEf0dw5xHDHSxUsZNgNXGxM7V0udynxMJPh4gZ0ABm1uBE34m4NoEiufzGAVzruotiYWscp1AMP9WqtJV8W4lYHnO3sKrqx3KisFixYeFmA7OER1PdbQ6sQukDU4gEi3CRvfahcTs7EYFvhuqTGplbTB2LEjkbnofUjLYjLiLeOEixjj5yDRuWzOIj61Ym/eBMyOI8qzr4dId35OVxMO3lz9etDBFi5gyLm6wY3i45yK63J/A1uj4KBG1ElVupJJOk7i/LnWH232M+FpaQytJQibraJEbwRz3oenKOXlE5c5MF8dkYkHbYi4kGx32rpuxO1MRBKnvNEhvCZmxi4gGxFc1mMORPlMbDhflROSZgOJJI4wZsN9uVUXAYnoGTzWDjL3XIeDqUkMRczGqRAhvQewGPlNJKFG1TGpRIbnAgRHkYj1rP7FdvjvsLMQ0AkECRvziI6neurz+VDoTAIIhhf0g8COu1Z/X9Kaj0y2zer7RjYuErYhIF4HdZgDtezNc22j3tUkSAZ0Qd4GjTtAVltx26dKuzS/BVCsurACMS51QTC6NiYMBhz5VnYmcLaoTQV+0WCadrHuib8CDvXob+0ZdvRZi5khxoYqRGkqWJ248LjrFXfHfWfiYhlrqdMSRwPD1qrEzAYE4j2BsVUEAnYarfmarX4elpcnUNo8J/qe4j7qDinlnfY3cXLM+GHQE92TAkgxMfT76xMELhvJXUwENNxJHUbXq1MfDVBoxWUyBI3Im99UzHvG1SzOXJAcHuhj3mWAwk/aIgn+XjSygm7QU65CsL9Uga0Grj+zG/+qnqnCxcSBZf9J/9bUqav2gfvJku2GgX4etVMnTIE7XJIsDO0H02qIUFCwLgiwAdoue73Qwkn8mmOIjHvhTOoTJ5WFpmI/zVmFliymCdKAEso0nieJv05c716CavCMbi+2RR5j4gxJABEiBY93TJsNXGPpWM2RxNRYHSS25YkBSJkkwJ3rZxckpDsWfQi6tGrvNAk+4FV5IYDrOoraVR+8bzAE7GeYNLtvDGlK1ZXgt8NVfXqMaZCe9uNxt0qzDwGw07/dSSZ7urha7/ADvEmrcHDcYevDKJuQmoliRtwAuRyoPMYLPJxMRm3tB5TAJsPQUXuxVEqjbtsfGRGLFQNMh9LOsmIncRB48b78af4c4hcaFkCBhnXA2IABi5HOtXJYeFg4agoCzRqbUCJkwCL8JnhbhwwcLM4/xDpwZWSCxMTE3ALbekU0tsUmyabbaRPFyGIgBsATN5md9JBXbjQiYi6mViUUmCywNUbqAq2H5vRa5bFxHBKggsSQWJCiZFzbj6VpZjBwlUM6qxB7qwCoveJ38z0tWHUmm/lNUYyaBEyYe4OjDF9R3bnpWZ/wC47860cLLYOGPiIqI5sCfFsIvwEeVBjNjExCo3vqPCIjjyMU6FmxNGGO8xgAfSeUeVRkvPJWMaI5zP/DPfYl7GALgct7evnQvZofHxIw8NioNzA0COBfabi3WuiynYGHhKcXGUNiaCSjaWUb6eBvFpniavzOdMsoAABiLCwReAqN0+fwVhpTk7bpFWU/R3Uk4uIJIvoidpgEiOWwo9OzctgMpXDlosWubReGO96AynaLT8NJZmJvy4T0Fa+YTC16GxhrgHS9pHRxbhSxjqTlcnSXg0SUIKoq2BY2J8XEVGMKveImBaY9STHrVeZwOA0+n+aPwc0mAsupLOdgRqCiwv5zUc3msFQzMNYkRAhjIDd6LWBHuK3Jwiq8GVx1JO/JiPl8Tl1uBFVBMQcLef0mtnL57L4g72EqNBhlPdIjibQSJv+NC5ztJMM/Dwh3bajEzIuDMyPYDrSvUg1ZSOnqp7QHI5Z8TW2GCYmZIEE9SY50Z+keBpyuEu8FRN/wCA6vcxep5XtCFOEiASFIMz3izah5WWPOOFX59NSDVMa/noO3LY1k+I1oxjS7LR0ZSVy6OExgRqAOkOBPIgGwPLzFDYRYbGCJjzrd7QyOk9DsR+bViZnBIOuPPoePmD8qhpaieLJNOLNDsnMM8gk61IEggCW8TRzCzXUZbPadODhswd01KTeGWbNa+qYk9PTj8r8MOA6ypBOoSGECZtb0jhWnlIXEZVIM6SuJsbGbA3gjgL1aTXY8bSwdPl8xKOGUMscCQ0EiI0i2+9rzcGqu0cuy7EOCTAZQZuO6Sb6pBuD5AzQWDmUXD14b6iveNgAFkz0JkzxFvfbyzpi4ZBFoDKZ8ImNJi8zblt5UNObh9gzjGX3MLGOGq3ZsPXAKB5UEN4iOIuDc7DpU8wHRlZnRlaAW0KZA3knVPp86NzOWxIOGrIkQdf2WIvB7sAkVkY+VQ4mlxpY7CUI66ChAN95E7VtTUlaZmynkKzOWw1AZUVydj8NxhjrJiCPXjbaqchkcVQdOIuIzeKHIULfcd1pjoRVOYzeIyglnVVbSFNmMcWAgRwvNC4GO4JOHLODLQ1xN4289ibDahUW7D0a4YDw4DR/X78OdPUD27mP+ay9IFv/GlXX9Abfqc6mYGG3whqfiBPMn+UwParU7XxMIOxGlSRpAsJi4sATFjvHlVubxhhrGGpuSuqAXPMkbgQeXGKJ7LwGxFlw2iHEDuKe7aSY7u+3LfetvzcIzypptoxcl202pTiQ6zJDTcniJk+lbmTzrYiamOhSWAMcATB/wAxtxqvCx2wp+BgoimINiWtaLA8aDbEdsSSBIjcqEFpmYkwCIB/GujuisuxXFSwSxgSLYjmSZOqeFhAMTAPKwqWVfDVohGU7lzc7WIY2IkzfhQHaXaBSVs+7EhjGokRtG33UN2UjScw+w8KxueBHlNvSpz1NrxyMoWq6OsxcEspXSoRiCSLE8Y6r57/ADqjM5jDBA7zNFtTW9ljnWNlnxMXELlpUL3RtxBaeZmBJq7CcLiFiCbWB6co5zU5SlLL4HUYxRpYmZCKBpgmNgAN/mf7TNYWNjfEx0wxMITcnjBJJ8zPtRAzWt2L+EAzeTMWAk/Oi+wf0ebF/wDqWIVHYkLeWHEiNpMxNRS7ObVpBfZHZxdiiEFyCWe8W34XEkCum7Ky2HhBQQpxATOIQJJNu6TeOHpUM3m0BAXukCANjYEx5AfU1nDOhHBYgm7ARwDDT7SKlqvDUefJr0dPKlL+iXbOcksG5Npg9Iv7n3oTLYPxGZnYhZiBuSVgi4oPDRsVwGN47xF9MwSLGNRgW4V2/Y2QKLdIUQosYjczNNp6ajG5DaurmolfZmRw8NA6HSDw3knaWJn/ADXEduZtzmnLG/dA/PnXYdqZ0YgbDUXCK/IX1BRHp864btcftpPFQdvMf3qctS1fRTRhteeS7DzRK946o5+/1NW5Z5J6mY69PlQOWkiSsXIty4H2iiMHUGadhsALxxnneam3yaksINcWM7+dNlyTA6C9Va2ZGG1iAbW5TzinwMMhV73BZPGYvS9B7Cctq/WCJt8NT662n7q3wJw3Xiug+/8Aj51g5cTjyBuij/yJnzvW4FK4eJHLD4cmb7vpWf4j2uvBy4BQsG/DePQbc6Az2RUqWSIkmI4x5WO3T3rRXGVwCAQL3ixEWNuHtTYyESCsnpF9vz615cZtS5yS+WZyeOFRlGIupGFmURcGD67evnWhhJhnvjEZdpE6h6rwv5+lG57IJiIVUaTe4F5jfr+B9+axhi4JCuIbaRsw5jpcXP3V6enqerGk6ZncXDlYNp0lgDJUgglTaDxiOdttqIwdKIUZTp8MrNl1A8BFiAduJrFy2bdQC5EEwDsOgid71rpiyshyJsN78r+dqE9yeRo08mvgZo6CrEuh7p3BHkw+m9VPkAq/s1B4/EPeIFydasY6SANzQC5nV4lY8Lnhx57VWmdbCfVLaWO58SkcGGzeYM02lNxfyv8AD7OmlLkyO2sQYeIXw3YO17KQpkxvt5RzqfZuIGTU5GG+qTH2j/Fbwn58eddVgth4h1KUDGdwDhtIggqwtNuVA5zJYZMFAjAEkMDpEcVxLwOhnyFbdDWjJvcqfghLTayDL2PhYgDgt3gDYtvF+HOlQ5wcZe6mJj6Rtpa0dL0q3eovBHY/JkOWKKfiG5IMCyjqdvTmeFHPj43wwocqnhAKxMC+1yDzNRIwwO9EFiQATtNoA3t0itPMEOoLITwCqRIU+LXMARp8rxvWpRVGaU3awYWSVsQq3xInUN+ERe+1X5jKDDU4ir8RdSoNDbsRI2mBB5fjVn/DFGp1IAJaFJTSJ3jce9V5bFUrqE6Bq7xMSQJ2++pzajGh025YL1y+AFJfAKuY7utiRz4/nlQfaOa7rqqwVWABwHTrcSelZrZs/EAUapMb2sb9eNP2oj4mIFw5Asbj5kx5WrJvbplaXRemaGGpk2AUCOIAv8702JmTpIUFok2Btw4b3J96My36KY2KiNhrCAX7ygtczp1Hnx6V2vYuVXL4OkWc95oIJk8JB2At6HnRt9uuxHGUsLzRl/oz2Qgy3xMxhhmcHuvsFBIWRzO/QUecyVXRhhYVO4uyyBYW4VXm8zLAgyDIsZBIJB9bUA2KMNlUknutc7mCNzzvUnJyqsYNcNJQtvLLc5mANf8AFw8yorIcvisEULr094zIwwYmSpgtyHSq8zjlsTTh3djtPdAjcnyrX7Lw/hoVQGW3JHiJ4/gOFUhp9gnqdI1exsgE0IgOmbmNzuSWHH/Fb+fbThwCRBUmP6xM+gFSy4ZMPcgiFEE29R5H3oVnLYOITvqxDLXuHbeeAt6Cs3xWrnYvoP8ADaV/O/qZmZf9ozAyWUfJiLz/AFiuX7WT9qvUfSK6XGWXB2MEf7fuA+dc328ACp6kT7/hSV8peL+YrybnlaTVyMNZvyrPyigdZM+9GYeAJY6jczHKwFvafWpmhBcCDzFQy/gXyH0qHwJBAJE2mTadjRGCmkBSSSABN+FjNcuDm8l2SI+ML97RMdAfrJrazKM2XxAtyUsP5hcX5m3sKx8qQMQEfwm8dbifWttHPw2jeLbb2qWv0dHhnB4ObxsPERyZw9ouV3+RB5V1XZ2OcQMmrwn7XC9hJ5fQ1HM5dSrSJDAaxEd87sAdpmfWaqyOXGGYktAOmb234meG9YdacZq6poz+i4yUk8dhOIh5aTxHHoRO/wCeQqjM4C4gAxBtEdD+HnWkMZWXSw5iTwobMZd1GpBrG5W07RYmAfIwanpyt4wy8o4yczmOzWQsANStJ7s+ndOxFUIGwtSEwCJB4SOnW9q6UkGDBmxiCCDwkUDm8jIIEFTJg+JTzB416OnrWqkZpQrKAcPMF17tnHzPIjj0NW4LnEEEwRIKx4hbYAeIHYVk4eaxMMsNK+IC696DwknkeNaGPiFgZ3DC0SCCLNfpT4T4JqW4dGZT+zMjkXAHXxDnwrUwe2E0HDxiAxjSDEi8SGvBB6Vh4rBp1WO5I423/PCszMYR3P3QRcyBbnWhRjJZQu5rB6Jg5vuic4lwDdQxuJuwBnz+m1KvL2dvzFPXej9X/YPl8HQYZAC4asrwDOIY7kTwWSWYg8eHIUVmO0gQdB5wqqLtvBWSOe+3SsRcM6rwqqFOozpY/wBJjVaB786g+dYiCZgzY92QLW2HkLXivWlrKKwYVp27fBophsRLAsQZLncGIhSInly39Qc2yysLJ2UfgOFVtn2ALPNxYG3lIA+X40XlLBS0l3EwBcLPIbDmayTlJ4sthcDZbA0vAEsbTyk7D8/dXQYX6NYwAZwqgkTLqSBNzE3twq/9HMoA5xGHhsJGxO5jnH1rYzOYEySIBCiTuxMe82FBpRjffQ8FulS4LHziIulYVUF+AUAdenGst86uIUZTKspIPsR8pqrM4gGI4OxCzyvI9rUD2ljlWwgotrKkAcNDewmKm25O2aYxUFSGzrrhBFQQob2kMT8/rWZ2h2jBJABYAwT9ngafPZ7SbHvdOHrz3ojsXs7Z8ZZ3KqQLTxbqR+ZqkIiTlQX2FlFwsIMyziOAW1HwzfT0/PK3dZLCVcNdSKdIDEFQe8eEkTuQKHyfZGDpBxA4IEnTpgdIIJN7UTmMQEhUJEiTqKyDqIAgb3E8NuZofEa0YRcVzRHS0nOSb4srxHZ3cEaUHw2AW3elgeM6bT5GliYQCYgIsxPDmo1R6yfenw8H9oxndVtaxUtsBzke1RVwWcE8QR07vPy8t68jc5O2eokoqkYeE50ISZMCf6tDT865/wDSMQqdWJ+RP310ugAaeTNz/itfntXL/pMrsyKhUaRJ1cSdgI4mPlW+K3KjM5bXbM1WsI3tWhgraayULkTCkdD98Vdh5oyQVI+f0pNjLLVibOGbe00Ud5J+m34Vj4efUjusPvo9O0E0k3MAMRHCQBY7XI96Gxhc15NDBSdJsTBvtyonDzQdjhRqBUixjvGyjynfzrncHNawxeym2mbDjf0v7VHM9tLhhfiDW4EhgSCJPKxUg3t13k109FyVk3rKKaOhzGO6Fo3aToZe9EWAkiQD70Fkc/hudLKQZgXO8m0VnYP6QrifscY6lFw32kN4I2G4uAYNB9uP8PMMZ3CMIO8oJIt5metZloW/mRKWs1lM3sxl2XE1Ixb+NGiYIlYj7qvyPacMATE+hB++/wBaqymYTECuQQ5idjI6jy/M1n9rZNtWtBZgbTEPb2nn1isu1OeyX4ZWGrWTp3RXAtJHvHT/ADWfmcFgxgSk8Nx0N9+tZHZna5KNMnRHeHiDEcDO3PhY8K18t2wmIP5ombiBaL73JjlemelqQ6srvjIye0sDUwxAO+ptbxcCDPHcxPvWRhYjIXUgqR/ECLSef+K7Aph4rEBl1g6SsiZBIggHfum/TjFYnbWC2FGqZB7rCZA5dYta/uLaYTt7ZLJnnCsoycz3AGG24iI089/L+1LHQPhXWQZAg7Hp+fag8w5w4DCIMb8DxA5VHDxQNmI5GfletscEGAYbuABJ/wBP9qVGPmSDfCBPMA35fKlVNzJbV5GzWbLBdUs87Cb7wPz1qxMNJRd3/h2E7mSKWEJh1ESPEbew+foK6n9HP0cRl+LiM0NtYS0cRNgN+BmrKLk6QsmllnO4ORYYonvsxARTtqJtbgBavSsmoy+EArX4nYsx4n82FYn/AAbAw8YYuGcRmUk9910yRBsF++iGzTM5BFgbD/tH96VTSTrkpHRk2rVItz+M5UksSSDx9qAzJRgpYTpYOo4AgWPnBqtHxYf4hHjOmOCCwHyn1oF80umA2oDuiOJWRaeEg36VKC8mqT8DZzGY48AEgoT1JBET0uaExc0WfQsltrfQfL87V5vNNaGjUdJjjYm3pYdTwtWhkOzwi6yTqOw/hG+/nVowtkpzSQZ2V2XhouvEJL3twB+/zNbOCurEQEECZuCNr+1E/o3gH96wBYmEkTAHG/En6da6HHz7SAukgeIkeKPFF48q7V1o6SVkYQlqN0DO4VJJHeaJ8v8AM+lAs2nGS1wpvNoBANtuM9IqzL4wxXxNQACO6gRsLc7EwKpxoGLhkmxR182Og/RG9uteTr6m+bf7g9LR09kVEvZ4xFE94hoHPYyT6D3qrbEsLlFvwkavlcVLFWHRo+0w63Q7/wCmpOp+IsR4WHn4DHyNS6KdmdjpDHzJ9wJ+ZmuA7VzDPju1yoMW2gArY+c13Pb+P8NWPEkKL3G3PiBf0rhstlzLAJx3kTE2vttfnet0ZJRtmHVeSrAxGw3hbgqTpN45bHf8aIfA+KAQnCDpiRAnj/g3or/hhAGII39ORBqWHktMyYmbDz8riKK1FygKD4YFlsNUP7SGYiAJPERvsLVoZnAw0dijlCUmGBIG0g3vvYdN5rJz2DpYKxgDvdRF+HHa9GPmFxE0sATZgeYG5tx6XpG2pKS4BLGDCfN4wLKNzMkeoIPK1qrwcu5lxJnhYnzonNYOidP2onmIknj51ZlsNiCqmJHD3jptFXlOkZ5OnkrxMFmdNyY4RsSPqZ96KzwZ8WxB0BVJH8qgR12i1WYOKuGUdiTaINtM7OKmuUV0BR+8IEruSp5dTG0/O8nOqsaVJYL+zcVgIg6lN+UxO3C0ex866YYi2FiDdpjwxcg7iJBmdt65XCJXEC4gKWnVpEEcG3sPMHh5VrZLCOInxU1BkE6jEEKq2N/4R5WrJqqKy/8Awroz6A2yuIB8OF7jmbgAAA7D7Rvb7poHPuismidLgxuLQAB5Tw5EVvdqYP7NXXwkFGBbjuAwmYK7Ha5rkO0i2nTBGhiwvwaB9y1p0Zbq8jzW1WXdmZ5FcaiVcSJ4b8LxIItXY4vb+Gq98gqONuVvF671yeUyCsmwJZQSA0XLQYvY2Hz9ae0OzXKiEaQthe/ORz67X4UdRaWpJJ9CQ1XFOuzscTL4OawwRA+0GU3F7xwnmPlXNdodi4mFqN3TdSokxt4d55gWqvsBnV9DOyMV/Z2BTVsA3Th+Nb57fdO5jIoexILAEco0tBHlNDbOL+V2vr/2U+Wcc4f0OY/UsRrhWvyYj5TTV2+FnMqwDaom/wC7H4U9H1NTwL6T8o4zNC46AR0r0jCtgJFu6PpSpV6un7fwee/cvuAv+7/PKs47t5L/ALmpUq86J68v9/wdvAfT765zJeFv62/+Q0qVXiQlwJP/ALhf6Z9e9euhzHD0pUqvHghP3Hc9h/u0/wCn/wCtRy/hHkPqKVKvL+O96+zNnwftf3QD+j/73Mf9bE+gqWd/eZfzb/4XpUqydGv+T/ASv2f6/wD9T1bheP2+lKlSv2nLk4/9MvEv9LfVK53BUcv4P9wpUq0z9kf3s8zX9xv5n936n/dWbjb4fn9zUqVS0PZ/Zp6X2Rn9s+A/0/jQOS/d/wDZ/wCppUq2/wAEZdbkfOjut0CR03ojs7xnyH+00qVd8R7fwRfI3avgT/oz6929CdhsdD32QEdDK386VKlj/wDJ/vYJco7TJoGViwBMG5E/Wodg/uf+0/7aVKvK1fa/x/pWHIP214D1JnrDrE84k+9YmYUd632D/vFKlWv4b2r8mj+DJ9nbH+v/ANhWpheBfL7zSpVPW9z+5CJk9oboeMC/H3qHbhnBUm5+Ehk89dKlXo/D+1HPgfI/ux6/U0qVKrjH/9k=', 'ayushi1407', 2, 'Trip to Jaipur.', 'Jaipur, Rajasthan', '2022-08-16 19:56:53', 'https://res.cloudinary.com/dbcpdiy45/image/upload/v1659974434/avclhfc7zlujfzyblozt.png');

-- --------------------------------------------------------

--
-- Table structure for table `user`
--

CREATE TABLE `user` (
  `id` int(11) NOT NULL,
  `username` varchar(100) NOT NULL,
  `password` varchar(255) NOT NULL,
  `name` varchar(255) NOT NULL,
  `email` varchar(255) NOT NULL,
  `phone` varchar(255) NOT NULL,
  `profile_pic` mediumtext NOT NULL,
  `about` varchar(500) DEFAULT NULL,
  `skills` varchar(500) DEFAULT NULL,
  `profession` varchar(500) DEFAULT NULL,
  `city` varchar(100) DEFAULT NULL,
  `state` varchar(100) DEFAULT NULL,
  `country` varchar(100) DEFAULT NULL,
  `zip_code` varchar(100) DEFAULT NULL
) ENGINE=InnoDB DEFAULT CHARSET=utf8mb4;

--
-- Dumping data for table `user`
--

INSERT INTO `user` (`id`, `username`, `password`, `name`, `email`, `phone`, `profile_pic`, `about`, `skills`, `profession`, `city`, `state`, `country`, `zip_code`) VALUES
(1, 'aditya123', '$2b$10$395hVKwPkJSh4Fyu/E5EBOyBg.D.4deF6vPh8rIpjAZ9fkwtQ5FD2', 'Aditya Bhardwaj', 'adibhardwaj444@gmail.com', '7256891970', 'https://res.cloudinary.com/dbcpdiy45/image/upload/v1659714933/twpnwjkfdbh7zuemmon6.jpg', 'Many desktop publishing packages and web page editors now use Lorem Ipsum as their default model text, and a search for \'lorem ipsum\' will uncover many web sites still in their infancy. Various versions have evolved over the years, sometimes by accident', 'Cricket', 'CSE student', 'Ranchi', 'Jharkhand', 'India', '835101'),
(2, 'ayushi1407', '$2b$10$ZA8hWol1ShjRGA9EPg5HjONPawSEIeur6L8icPhSmIhuudxB40N4q', 'Ayushi', 'ayushi@gmail.com', '9534208976', 'https://res.cloudinary.com/dbcpdiy45/image/upload/v1659974434/avclhfc7zlujfzyblozt.png', 'It is a long established fact that a reader will be distracted by the readable content of a page when looking at its layout. The point of using Lorem Ipsum is that it has a more-or-less normal distribution of letters, as opposed to using \'Content here, content here\', making it look like readable English.', 'Singing', 'Full stack developer', 'RANCHI', 'Jharkhand', 'India', '835101'),
(3, 'sayam123', '$2b$10$YdCDNVCzBI9MjAxJoepgvuexwphRaIGvGByPMYZb3vCP60kHZv1qi', 'Sayam Tak', 'sayam@gmail.com', '7546019822', 'https://res.cloudinary.com/dbcpdiy45/image/upload/v1660241233/kjyrmgpphcgiw0nzdngm.jpg', NULL, NULL, 'Student', 'Jodhpur', NULL, 'India', NULL),
(4, 'rahul123', '$2b$10$wqPKTf6LycSjswifL2nTPuylZUoLl3ZWgXBH6XYgIbGFZaJkP3mQW', 'Rahul Kumar', 'rahul@gmail.com', '6209816273', 'https://res.cloudinary.com/dbcpdiy45/image/upload/v1660585297/cpqb7rjvwsfz3atahb9j.jpg', 'Contrary to popular belief, Lorem Ipsum is not simply random text. It has roots in a piece of classical Latin literature from 45 BC, making it over 2000 years old. Richard McClintock, a Latin professor at Hampden-Sydney College in Virginia, looked up one of the more obscure Latin words,', NULL, 'Back end developer', NULL, NULL, NULL, NULL),
(5, 'priyanshu123', '$2b$10$cOAsmpaq36e.wfLbWiUhj.1b6/FCIUHyFhz3wUqSloZy42Q2/At0C', 'Priyanshu Vyas', 'priyanshu.vyas2020@vitstudent.ac.in', '8726091711', 'https://res.cloudinary.com/dbcpdiy45/image/upload/v1660405889/p1itthuscenwoeq0niho.jpg', 'mjd kadygkiy sdkfgkusyf ekfyugsjt', 'kuch nhi', 'Engineer', 'Chennai', 'Rajasthan', 'India', '835101');

--
-- Indexes for dumped tables
--

--
-- Indexes for table `comment`
--
ALTER TABLE `comment`
  ADD PRIMARY KEY (`id`);

--
-- Indexes for table `post`
--
ALTER TABLE `post`
  ADD PRIMARY KEY (`id`);

--
-- Indexes for table `user`
--
ALTER TABLE `user`
  ADD PRIMARY KEY (`id`);

--
-- AUTO_INCREMENT for dumped tables
--

--
-- AUTO_INCREMENT for table `comment`
--
ALTER TABLE `comment`
  MODIFY `id` int(11) NOT NULL AUTO_INCREMENT, AUTO_INCREMENT=17;

--
-- AUTO_INCREMENT for table `post`
--
ALTER TABLE `post`
  MODIFY `id` int(11) NOT NULL AUTO_INCREMENT, AUTO_INCREMENT=10;

--
-- AUTO_INCREMENT for table `user`
--
ALTER TABLE `user`
  MODIFY `id` int(11) NOT NULL AUTO_INCREMENT, AUTO_INCREMENT=6;
COMMIT;

/*!40101 SET CHARACTER_SET_CLIENT=@OLD_CHARACTER_SET_CLIENT */;
/*!40101 SET CHARACTER_SET_RESULTS=@OLD_CHARACTER_SET_RESULTS */;
/*!40101 SET COLLATION_CONNECTION=@OLD_COLLATION_CONNECTION */;
